sha256	group	content_class	source	license	size_bytes	path
0042f4a201d0a38cce529ec612650b781becbd9c7f6fcc4dc28209352adcf5c5	cid22-val	photo	CID22-512px-validation	CC-BY-SA-4.0	294623	mlp-validate/cid22-val/3316926.png
0361106edaa80377dd9892831f6aa0c75dd35a9ee7f5d3ebaaa3fc0dc8f5b56d	clic-final-test	photo	clic2025-native-final-test	Unsplash	3826453	mlp-validate/clic-final-test/86127fbdb368eb28c3039cf61aff1c4cfdc4ade24070c8f2389968d5ead681e1.png
03f7d79eef173285da85326bb02ec3fb16a1962f48ffc27b4bcfcfdbad732068	clic-final-test	photo	clic2025-native-final-test	Unsplash	5964189	mlp-validate/clic-final-test/d0208a1e9b4fde642b9752da2907d82d5b530a6e2e6e18ef71d5524a92d1cf9a.png
06b5950cef7618d226a14cbf7de9e4f4230896439479386c7eea38021c3c885c	clic-final-test	photo	clic2025-native-final-test	Unsplash	6135890	mlp-validate/clic-final-test/608cb09e6ffc66d4bc838d4088bf4c0ab889d7e83d4f5d78805cbc4497e432a1.png
0926a0b43c5e2a578d80ef9d6d039a14bb173f7b3d559446ad738678473737b3	cid22-val	photo	CID22-512px-validation	CC-BY-SA-4.0	216379	mlp-validate/cid22-val/792079.png
093af998fc083fcf4165ce77d58e4072face3ecff1ffc052dbac4a69c7ab61fb	clic-final-test	photo	clic2025-native-final-test	Unsplash	4440171	mlp-validate/clic-final-test/07b9f93f170a0381836bdf301280a5b80b2c4be6e66f793a3c335dc200fb4e5b.png
1004ba77cab86bdbf351198617026039cbdbb826c25c32d4bc8bf0e7c7e8bb36	clic-1024-final-test	photo	clic2025-1024px-resized-final-test	Unsplash	448241	mlp-validate/clic-1024-final-test/50d13125b665e0c4c1673264807bfc3cc7a217819329696843fea4c69aff8b91.png
13fb77f61e513cc13c98f18cb7343598503a4b8f70eaea1bada47c68dd2339b6	cid22-val	photo	CID22-512px-validation	CC-BY-SA-4.0	399744	mlp-validate/cid22-val/2079234.png
148a172697c4ed4495678c36824c01685c4c5aead61a4a4fd5744980e5b60f53	clic-1024-final-test	photo	clic2025-1024px-resized-final-test	Unsplash	470974	mlp-validate/clic-1024-final-test/ebfd571f1c6824316047a29cb5f376eec15f56dd51821119c1842be068a8b950.png
19466f93874c752ccb5508c089e4864bf3e164a2f51698d5cd32b4f7537ed86d	cid22-val	photo	CID22-512px-validation	CC-BY-SA-4.0	410938	mlp-validate/cid22-val/7062219.png
1da209a2eb8d1a3ef3a344d661ad2ce2ebd0c7874b1be1fe75ace1ddada68150	clic-final-test	photo	clic2025-native-final-test	Unsplash	4852828	mlp-validate/clic-final-test/50fe4c3d47d864858e1aaa60fecef5c453b4e18d2b368718eeb5c1e249e0c902.png
1f123b591c48962c292ced397abdbf6f73859d204d93ede0ee76a16ee2d0bea3	cid22-val	photo	CID22-512px-validation	CC-BY-SA-4.0	258567	mlp-validate/cid22-val/2887497.png
205365b7ac403ec93bb90434d123181faa6672c5ec5282400b86bd1e433f0244	cid22-val	photo	CID22-512px-validation	CC-BY-SA-4.0	303170	mlp-validate/cid22-val/844297.png
23853b548b24c4c6ff5c1a9aa88542373ce24a7bc89d14e2944ca80c4ab737ad	clic-final-test	photo	clic2025-native-final-test	Unsplash	4984264	mlp-validate/clic-final-test/b0b3744cc6b5ad6426b1ac02909b4389ea7fc4140d72a888ccdfb21f573a6db4.png
245f6563c03d0d2728d679c5195b80e7d1ccdff3ee118648e910a42cadec7525	cid22-val	photo	CID22-512px-validation	CC-BY-SA-4.0	414023	mlp-validate/cid22-val/1189261.png
25765b75502ddaac4fe81890b19f5e3f721885f03aea884600bb9ee14232f7f9	clic-final-test	photo	clic2025-native-final-test	Unsplash	4907583	mlp-validate/clic-final-test/02809272b4ca9b08af45771501b741296187c7e26907efb44abbbfcb6cd804f7.png
25b4bc7c5557aa82806c36c018043a98baba9270bfdf4be1bd2fdd483e11a895	clic-1024-final-test	photo	clic2025-1024px-resized-final-test	Unsplash	1477653	mlp-validate/clic-1024-final-test/2397c73f8feeb8f630fe055da5551c671794afae80528e8612dc62fc0cf61294.png
2a38e71750c0fe268d630871cb6a237a58c0d65ef31c9201753773459a83460f	cid22-val	photo	CID22-512px-validation	CC-BY-SA-4.0	303823	mlp-validate/cid22-val/6292444.png
2a9e0816ab021540f0380ea3cdb9e5f88cc3c854395ce8d6004dd87020b8ca6f	cid22-val	photo	CID22-512px-validation	CC-BY-SA-4.0	332703	mlp-validate/cid22-val/3156482.png
2b7280cc6f4564a2fc7dc9c7f7cfad1030a4f24afef3614277ba2576eb748748	cid22-val	photo	CID22-512px-validation	CC-BY-SA-4.0	437911	mlp-validate/cid22-val/162520.png
2d243a0030e4fa59d1142b7586e9094a8d463b4e67fa4f6c18d3298cd204ae3b	clic-1024-final-test	photo	clic2025-1024px-resized-final-test	Unsplash	1983268	mlp-validate/clic-1024-final-test/937476dd72f98638f34299dda5e9c252621b5e809c364692fc2934e000583286.png
2dfa37b91226d946ca8f9a6eaeb1835b8c1931aeb853f8c0fbdf299db1cc3fec	cid22-val	photo	CID22-512px-validation	CC-BY-SA-4.0	200584	mlp-validate/cid22-val/7552578.png
31ecaf91b689092188cbc9763b67133485c37a8a03a382222bd1850c4c0b1d2a	clic-1024-final-test	photo	clic2025-1024px-resized-final-test	Unsplash	1508014	mlp-validate/clic-1024-final-test/0369d229ba4c9965d5caeb38c359a027a810968eee930b81520b604e76b4df14.png
3273fdf6677387bc73bab5320dca299657cc5abd97e05007c4f7a655ec77654d	clic-1024-final-test	photo	clic2025-1024px-resized-final-test	Unsplash	1847508	mlp-validate/clic-1024-final-test/79b1bb29124f590c2e99e6c71c18affe25115d594a821cadc58bf24bf94dae8d.png
32be6616b7e3e301b8c237f76ef1d97feda01815384ff39f13469ecd54044245	clic-final-test	photo	clic2025-native-final-test	Unsplash	2800273	mlp-validate/clic-final-test/e0d8e29cadfc99663c7d1a4a5afe20c454ec54d0d873776ec397c59405c74790.png
34bdd6e41b7250b7d79e5573a687a4cb27f2cc79b6c24424f31fbf0b7884b3a6	cid22-val	photo	CID22-512px-validation	CC-BY-SA-4.0	412573	mlp-validate/cid22-val/3653963.png
4027c938c4ff0d585374edafa8a9113e14b6550c99abe32accb217915ffd410f	cid22-val	photo	CID22-512px-validation	CC-BY-SA-4.0	363583	mlp-validate/cid22-val/2389166.png
40e41a7b02325fe8a3cf7fc2adcd82ee73065c7b4baf7d09290562cd73d99e9b	cid22-val	photo	CID22-512px-validation	CC-BY-SA-4.0	368330	mlp-validate/cid22-val/2670327.png
423223614f1853f105dd0af8eb1d681c978ca54f745d25436128256a8e6ba158	clic-1024-final-test	photo	clic2025-1024px-resized-final-test	Unsplash	1271061	mlp-validate/clic-1024-final-test/1cba10ad9bb4ced57e42f7656c5f2a58d32dc6bad084957d2f8d1c78e0fcd224.png
44576e15457e325fe8c68048806a698e4b3e348338d16c1ba837dcbf860ada6a	clic-1024-final-test	photo	clic2025-1024px-resized-final-test	Unsplash	2071541	mlp-validate/clic-1024-final-test/eda6d42794b0d0140628fa90fc0c14a7ba88159b8474d0077027c32ee2ddf6f0.png
4c50810f6b7032d617447f313a696712654ddad679df0e693a22e849d0d2ab4d	clic-final-test	photo	clic2025-native-final-test	Unsplash	4339865	mlp-validate/clic-final-test/8426ed2245c791232862b0a0b2a62a1f17031e8e6e38921fe939df0b3a05ac41.png
50dd442c664f917a3cd013f9cf9e2dae1f02b1d2429d22a58d71f4b4c584b2f1	cid22-val	photo	CID22-512px-validation	CC-BY-SA-4.0	403984	mlp-validate/cid22-val/2190188.png
524b8b2eb40a0839da68c3383803dceca746b070b61093be250f59b1c6551df4	cid22-val	photo	CID22-512px-validation	CC-BY-SA-4.0	361071	mlp-validate/cid22-val/5055743.png
5495af40b7097acc3705ab355d25d2cb327b5734e52382c712adfee18c75e04d	cid22-val	photo	CID22-512px-validation	CC-BY-SA-4.0	327652	mlp-validate/cid22-val/2936831.png
5805ed68a5db1b43837b2ded3d00929474876a685cf227891a3337d3b02c3532	clic-1024-final-test	photo	clic2025-1024px-resized-final-test	Unsplash	2234610	mlp-validate/clic-1024-final-test/a365e6541bab5c0f4e01bf43a0c3a655d88292a8ac45403a889c308d11854555.png
5f3f81a1b4c6c3563024fec4e68aa3596bb5e5c9991c1a587a3d710c76f3eea3	cid22-val	photo	CID22-512px-validation	CC-BY-SA-4.0	342116	mlp-validate/cid22-val/1279330.png
636340df96281e069100277e7f0e311d447a6afc27d7e9279702973f83e4a2ee	clic-1024-final-test	photo	clic2025-1024px-resized-final-test	Unsplash	1269314	mlp-validate/clic-1024-final-test/e0d8e29cadfc99663c7d1a4a5afe20c454ec54d0d873776ec397c59405c74790.png
651f873ff9fd4830f4ae09c4e954bea538aa306f04e400d561107985eb47e4c3	clic-1024-final-test	photo	clic2025-1024px-resized-final-test	Unsplash	404066	mlp-validate/clic-1024-final-test/2a760bf1ccea6998be3890dcc2371b23f35fe3006562884b45bc534a621d5c12.png
65cca30a9fef8c0cd9929730a2dd5028e200da455dd191bc53fad88959a92518	cid22-val	photo	CID22-512px-validation	CC-BY-SA-4.0	286735	mlp-validate/cid22-val/3637739.png
6703b5f4017b3310e940c5dd4a95e84f918eba3aa428165e52d16c028dc97375	cid22-val	photo	CID22-512px-validation	CC-BY-SA-4.0	239541	mlp-validate/cid22-val/1418519.png
67739501da6516887f379f1c3415b1074352790d3134dfe96ef393527cd58342	cid22-val	photo	CID22-512px-validation	CC-BY-SA-4.0	472986	mlp-validate/cid22-val/382297.png
69fea09ec61a1831dbae7676940af563d7b598ef35cab6957a3f66983287c5c2	cid22-val	photo	CID22-512px-validation	CC-BY-SA-4.0	458249	mlp-validate/cid22-val/5458393.png
6a5eb42905308fcd971d044afab017b966ccf656b04c62c59f1e2c7ad31bbae5	cid22-val	photo	CID22-512px-validation	CC-BY-SA-4.0	355514	mlp-validate/cid22-val/225228.png
6d5c46628de7584aed0c765593cdcb51932677e7d139791cd042d7ed4dbdc38c	cid22-val	photo	CID22-512px-validation	CC-BY-SA-4.0	251387	mlp-validate/cid22-val/1475938.png
6f41317d3c8c845ee9981d11ec2974a813d1550560f214fae0e7f533b3fcb09f	clic-1024-final-test	photo	clic2025-1024px-resized-final-test	Unsplash	736727	mlp-validate/clic-1024-final-test/bb7344a2ba499b2d48b891abee1b903dc17d265437ac57028b5999b6cd5bcdc4.png
6fcc239ce3c492c8bedcb880e4932929af13e244e229f02df748caabdc8222af	clic-final-test	photo	clic2025-native-final-test	Unsplash	5592984	mlp-validate/clic-final-test/a365e6541bab5c0f4e01bf43a0c3a655d88292a8ac45403a889c308d11854555.png
761410fdd42fbd08a224955668071ae6292acf69e17fb9778a522114e0a034a6	cid22-val	photo	CID22-512px-validation	CC-BY-SA-4.0	412787	mlp-validate/cid22-val/1624487.png
7844f0b01a352854e88499ba8ed761aba0413a25624d33138180cb3f07ae9929	clic-1024-final-test	photo	clic2025-1024px-resized-final-test	Unsplash	1485160	mlp-validate/clic-1024-final-test/c9510efb03d1852c29ecad84cc0558768728681a3b9b04eae0dbbd9be142dd95.png
7955c11f6c380c6f542a0fb1c8c77eaf7f92a7b3524518b2f8ee35f14e8232a9	clic-final-test	photo	clic2025-native-final-test	Unsplash	3038778	mlp-validate/clic-final-test/2397c73f8feeb8f630fe055da5551c671794afae80528e8612dc62fc0cf61294.png
79b141ba04f10495cb73e3f415f38efb464e952548c148aef75af032bfa635a2	clic-1024-final-test	photo	clic2025-1024px-resized-final-test	Unsplash	1206926	mlp-validate/clic-1024-final-test/f67f11de4ca9ebda3db52c41fd3d26c3105687b2d37571e54631a1e4486d0b30.png
79daa0e61b9dfcc79b53810205910d27520e07c0b7102a1eda55059930ba3bb5	cid22-val	photo	CID22-512px-validation	CC-BY-SA-4.0	392133	mlp-validate/cid22-val/2736139.png
7fa08bdf2ad27158666c6a74e26eb690e0e9cb85c3cb9902a498ab1ccc658f69	clic-final-test	photo	clic2025-native-final-test	Unsplash	3378845	mlp-validate/clic-final-test/1b4ad095795ac552b38a21d51be7bfaee8e7d0a70619d84767814321df4ed062.png
831325c58239e357a878941065add3616c268fcc771377dd659c17ef87b5a4f7	cid22-val	photo	CID22-512px-validation	CC-BY-SA-4.0	320784	mlp-validate/cid22-val/2253934.png
8601e39af439c69c7f4c37bde54e8e5b412a88270a7fa5ff1f6f63d0652dfbed	clic-1024-final-test	photo	clic2025-1024px-resized-final-test	Unsplash	1985971	mlp-validate/clic-1024-final-test/86127fbdb368eb28c3039cf61aff1c4cfdc4ade24070c8f2389968d5ead681e1.png
8a33a388d9ecc43cdea0ab19fe1fd873bfb4485ec4b484ed8a4f14b757d88cd3	cid22-val	photo	CID22-512px-validation	CC-BY-SA-4.0	435839	mlp-validate/cid22-val/297394.png
8a57fab1e68fd3e99bb536d26a804a469f1a7d5e02ca8c8d9ea54473d824cc13	clic-1024-final-test	photo	clic2025-1024px-resized-final-test	Unsplash	1919128	mlp-validate/clic-1024-final-test/02809272b4ca9b08af45771501b741296187c7e26907efb44abbbfcb6cd804f7.png
8f20eef7fe85826354f6667c138d539cd140a4495479f5f5ea82fc42cfc905b3	clic-1024-final-test	photo	clic2025-1024px-resized-final-test	Unsplash	2000988	mlp-validate/clic-1024-final-test/50fe4c3d47d864858e1aaa60fecef5c453b4e18d2b368718eeb5c1e249e0c902.png
91be25adc026c45b396148f6f04f2b2b43b42a2f05c09669e5a8fdd96d15fbe0	clic-1024-final-test	photo	clic2025-1024px-resized-final-test	Unsplash	2255430	mlp-validate/clic-1024-final-test/da52c4f66dc00c2f381e8475fbf8a7aa2c5433a9c59cc175646c62e02892faf7.png
9a24d724bdd4905a552496ff8279b8aa9185b8f90332423ec45050863acb159d	clic-final-test	photo	clic2025-native-final-test	Unsplash	5914187	mlp-validate/clic-final-test/581048154e3c4b579c79155742dcf643c18b9bb47782aca7f0768eff185bc32e.png
9d66fc1e18cd18042143327beccc1cdda4e840963b4448f2420e1fe7f90cd3eb	clic-final-test	photo	clic2025-native-final-test	Unsplash	5273123	mlp-validate/clic-final-test/937476dd72f98638f34299dda5e9c252621b5e809c364692fc2934e000583286.png
9e0b002c8feae5a335f0ef066a0c46a1fddce0bcf28324befd936d846aaf12bb	clic-final-test	photo	clic2025-native-final-test	Unsplash	3501267	mlp-validate/clic-final-test/c9510efb03d1852c29ecad84cc0558768728681a3b9b04eae0dbbd9be142dd95.png
9f31b05aa3103725a00914cdc4921954426cd75322e04ba254111fbc9d9ae9ea	cid22-val	photo	CID22-512px-validation	CC-BY-SA-4.0	370110	mlp-validate/cid22-val/373965.png
a1fd3d6358d4d0a59a6f3705c5c2ef8c1fdd87db7c0001c24770a250796336a3	cid22-val	photo	CID22-512px-validation	CC-BY-SA-4.0	539368	mlp-validate/cid22-val/1531677.png
a2dce4b6acbfc2710bc597338c405e70430cfb17ebd6ed57d3e84df29898eec0	clic-1024-final-test	photo	clic2025-1024px-resized-final-test	Unsplash	2024040	mlp-validate/clic-1024-final-test/0d154749c7771f58e89ad343653ec4e20d6f037da829f47f5598e5d0a4ab61f0.png
a383f96f0634f2431e4490966acff583d78297622aff834a37f0f38c4683eb24	cid22-val	photo	CID22-512px-validation	CC-BY-SA-4.0	495896	mlp-validate/cid22-val/1044329.png
a499a6c20fb44a603d9547c9b1129cd7ad6155a369681a424ef998eb0500b734	cid22-val	photo	CID22-512px-validation	CC-BY-SA-4.0	345429	mlp-validate/cid22-val/159550.png
a783e306d6ae035f1c25afe91c91aea2c316d3ee9f5b846d21c52bc75f324d19	clic-1024-final-test	photo	clic2025-1024px-resized-final-test	Unsplash	2162875	mlp-validate/clic-1024-final-test/581048154e3c4b579c79155742dcf643c18b9bb47782aca7f0768eff185bc32e.png
aa861657930bfbb8ce98a43a1dbe0d12410714bd89096f6b8b46fe18a0510003	clic-final-test	photo	clic2025-native-final-test	Unsplash	699313	mlp-validate/clic-final-test/2a760bf1ccea6998be3890dcc2371b23f35fe3006562884b45bc534a621d5c12.png
b675cd605f13e6e420a98167d7b9dcdf86d7f41ddb27f62cd1cb659dc47879b0	clic-final-test	photo	clic2025-native-final-test	Unsplash	3551137	mlp-validate/clic-final-test/a2a946cc516f9eec0f141da3c31a96df94fe342c651af46f0d38f6c04400323a.png
b721a4f724fe89d9fd66c3ec5d8609601f41296d1eaf03f9797d5a7ef7c02df6	clic-final-test	photo	clic2025-native-final-test	Unsplash	5219640	mlp-validate/clic-final-test/0d154749c7771f58e89ad343653ec4e20d6f037da829f47f5598e5d0a4ab61f0.png
b7ee6054e39421543b63216dcd72cde40d8e8a4f1a7f0f1029635b200cb41eeb	clic-final-test	photo	clic2025-native-final-test	Unsplash	3693951	mlp-validate/clic-final-test/f67f11de4ca9ebda3db52c41fd3d26c3105687b2d37571e54631a1e4486d0b30.png
bae15f15b2ee7bf67c01508a50d36f511a4754a39fd02bd2623f3954e7a7cbfc	cid22-val	photo	CID22-512px-validation	CC-BY-SA-4.0	598628	mlp-validate/cid22-val/1420710.png
bd0a7301bc3ec83c20a0552b998692689ee84709043f6a49d7d0e894215d104b	clic-1024-final-test	photo	clic2025-1024px-resized-final-test	Unsplash	1887533	mlp-validate/clic-1024-final-test/b0b3744cc6b5ad6426b1ac02909b4389ea7fc4140d72a888ccdfb21f573a6db4.png
c06e9809bf61c5e849ce0e515e76edfe02801b0da3bd9730958f08548173fdc0	clic-final-test	photo	clic2025-native-final-test	Unsplash	3842260	mlp-validate/clic-final-test/ff32adfa29d4b5de26293352f53cc983d12d3ededd71fe65ca0ef0d887be65c4.png
c4937b1054d235ca070f1545bc953409b0ea5a2ffcd5dde90c2914569d9ad2a1	cid22-val	photo	CID22-512px-validation	CC-BY-SA-4.0	324468	mlp-validate/cid22-val/6078297.png
c5229eaf180038abe8e5ba901413d718a4b6593a87f74b306d9b0103a2112d8c	clic-final-test	photo	clic2025-native-final-test	Unsplash	6421951	mlp-validate/clic-final-test/eda6d42794b0d0140628fa90fc0c14a7ba88159b8474d0077027c32ee2ddf6f0.png
c7b8f38aa309b7e32d7387dff4fb82aeeba3ede32116130600a05825b9966f18	cid22-val	photo	CID22-512px-validation	CC-BY-SA-4.0	310198	mlp-validate/cid22-val/1025469.png
caf5b9b5bc5661fd00e15f64c0d990db688634598c152f32185b21eb3d24d953	cid22-val	photo	CID22-512px-validation	CC-BY-SA-4.0	304007	mlp-validate/cid22-val/1544947.png
d6237c3b2360ed0c22a62059e61faa198894989d3eeb5782db68893fbdccaf16	clic-final-test	photo	clic2025-native-final-test	Unsplash	788924	mlp-validate/clic-final-test/50d13125b665e0c4c1673264807bfc3cc7a217819329696843fea4c69aff8b91.png
d737e02d068f2e1469f112ebc4e4b57588f59e70dfa3ec6efaa6edac179076e5	clic-final-test	photo	clic2025-native-final-test	Unsplash	5593976	mlp-validate/clic-final-test/da52c4f66dc00c2f381e8475fbf8a7aa2c5433a9c59cc175646c62e02892faf7.png
d88628af8d72449ef6cbf959c66ba276eb703f6c909e8ff8993143f95658d9a7	clic-1024-final-test	photo	clic2025-1024px-resized-final-test	Unsplash	1235589	mlp-validate/clic-1024-final-test/8426ed2245c791232862b0a0b2a62a1f17031e8e6e38921fe939df0b3a05ac41.png
df1858364c3f721c04f6393b758a62ac0f43247a05dc4e886fbc09cb8894fd0d	clic-final-test	photo	clic2025-native-final-test	Unsplash	873294	mlp-validate/clic-final-test/bb7344a2ba499b2d48b891abee1b903dc17d265437ac57028b5999b6cd5bcdc4.png
dfd518a3bf4a7d6c52705391aade852500bada004dc53c33b93c7c81906fbc09	clic-1024-final-test	photo	clic2025-1024px-resized-final-test	Unsplash	1580198	mlp-validate/clic-1024-final-test/ff32adfa29d4b5de26293352f53cc983d12d3ededd71fe65ca0ef0d887be65c4.png
e1f57ac153e53e5086be109fbc5e457d2ec9ac88fc245a71f11b82bc2def345b	clic-1024-final-test	photo	clic2025-1024px-resized-final-test	Unsplash	1769906	mlp-validate/clic-1024-final-test/2684452db505ddbbb53f42a3f3bcfe86fdd0d6d8d98c029db4b4c6fc1f55b750.png
e2223567a605f3f2122e2bee2870c14546273c67aa76219670273a72a4cc972d	clic-1024-final-test	photo	clic2025-1024px-resized-final-test	Unsplash	1513189	mlp-validate/clic-1024-final-test/1b4ad095795ac552b38a21d51be7bfaee8e7d0a70619d84767814321df4ed062.png
e608906b4f19f6f33ef7b6eaa85381a0f6c4256972f2b8d908f43a9574a27cb7	cid22-val	photo	CID22-512px-validation	CC-BY-SA-4.0	344008	mlp-validate/cid22-val/164595.png
e66a47c3665b8946b5836712363f53318bca43ab413ed7e052b702be537b8576	cid22-val	photo	CID22-512px-validation	CC-BY-SA-4.0	370191	mlp-validate/cid22-val/70497.png
ef611753af6a8acd14d9689f43dbcec7922aecec81d63d52ba69c428ec6c0fde	cid22-val	photo	CID22-512px-validation	CC-BY-SA-4.0	298632	mlp-validate/cid22-val/3762075.png
efda0222e5c88dded6484748964718361c82d2c82990c12f552f8a642d8888e0	clic-1024-final-test	photo	clic2025-1024px-resized-final-test	Unsplash	1622008	mlp-validate/clic-1024-final-test/a2a946cc516f9eec0f141da3c31a96df94fe342c651af46f0d38f6c04400323a.png
f1ff60f4b84d361f07bb7f0e7b8415c73d35337b9380e2a964d0230d2f457229	clic-1024-final-test	photo	clic2025-1024px-resized-final-test	Unsplash	1664644	mlp-validate/clic-1024-final-test/07b9f93f170a0381836bdf301280a5b80b2c4be6e66f793a3c335dc200fb4e5b.png
f3037fc958ef0b494dba4fedf9e5df8f0102488f362d92fb60b5a49a36751bcc	clic-final-test	photo	clic2025-native-final-test	Unsplash	1199573	mlp-validate/clic-final-test/ebfd571f1c6824316047a29cb5f376eec15f56dd51821119c1842be068a8b950.png
f3d38833b3b08ace9bf5495c8511093f10bf6e898610efb7083a4a27c20211f0	clic-1024-final-test	photo	clic2025-1024px-resized-final-test	Unsplash	1589621	mlp-validate/clic-1024-final-test/4ebc0e6c463bcf8ada38673c268aae56d44864347fd74b81a9fb5659bf96a010.png
f5caab3e1c6c622da17cd219af22d9d56278aeb59c16f7e05a7d1e7a905f6fad	clic-final-test	photo	clic2025-native-final-test	Unsplash	3666907	mlp-validate/clic-final-test/1cba10ad9bb4ced57e42f7656c5f2a58d32dc6bad084957d2f8d1c78e0fcd224.png
f6b393c5b0ffcb37518783124918586a52aae8c4057fe670bc29b2698bb1522f	cid22-val	photo	CID22-512px-validation	CC-BY-SA-4.0	346155	mlp-validate/cid22-val/2775196.png
f71b777b33f8a2b1a9c4133b0c7df38dc6df2b0b419805ecb8889befcea4470c	clic-final-test	photo	clic2025-native-final-test	Unsplash	4080085	mlp-validate/clic-final-test/2684452db505ddbbb53f42a3f3bcfe86fdd0d6d8d98c029db4b4c6fc1f55b750.png
fb95de317481a24d642bf58e8d961af32469de4ab6c9cef5b5d53de7d6abfbf9	clic-1024-final-test	photo	clic2025-1024px-resized-final-test	Unsplash	1998508	mlp-validate/clic-1024-final-test/608cb09e6ffc66d4bc838d4088bf4c0ab889d7e83d4f5d78805cbc4497e432a1.png
fbeb085d17383d39dde356c852fd9cfc66807e1adf5bb31526888fa6931da73c	clic-final-test	photo	clic2025-native-final-test	Unsplash	4427527	mlp-validate/clic-final-test/4ebc0e6c463bcf8ada38673c268aae56d44864347fd74b81a9fb5659bf96a010.png
fd0298d273adfa611a6f5ee6c8164c081fa4a2a823f3b0b38763c95adde64af7	clic-final-test	photo	clic2025-native-final-test	Unsplash	3604503	mlp-validate/clic-final-test/0369d229ba4c9965d5caeb38c359a027a810968eee930b81520b604e76b4df14.png
fd6cb3ff1e17cba088e9443eccad0c3e566178fe925879f89630d9d02a144875	cid22-val	photo	CID22-512px-validation	CC-BY-SA-4.0	327912	mlp-validate/cid22-val/4215100.png
fdb5544fb2e86e04d612a229dc11b2dc6dac71612c5d7842b499523264a36030	clic-final-test	photo	clic2025-native-final-test	Unsplash	4551347	mlp-validate/clic-final-test/79b1bb29124f590c2e99e6c71c18affe25115d594a821cadc58bf24bf94dae8d.png
ff8ecc44510c5ad35b717a22109b145f12291e27ac91f483ba4b56b5b892f818	clic-1024-final-test	photo	clic2025-1024px-resized-final-test	Unsplash	2371502	mlp-validate/clic-1024-final-test/d0208a1e9b4fde642b9752da2907d82d5b530a6e2e6e18ef71d5524a92d1cf9a.png
