image_path	codecs_keeping	size_classes_kept
/home/lilith/work/codec-corpus/CID22/CID22-512/training/1001682.png	zenwebp,zenwebp_v01	large,medium,small,tiny
/home/lilith/work/codec-corpus/CID22/CID22-512/training/1028637.png	zenwebp	medium,small
/home/lilith/work/codec-corpus/CID22/CID22-512/training/1029604.png	zenwebp,zenwebp_v01	medium,small,tiny
/home/lilith/work/codec-corpus/CID22/CID22-512/training/106399.png	zenavif,zenwebp,zenwebp_v01	medium,small,tiny
/home/lilith/work/codec-corpus/CID22/CID22-512/training/1080721.png	zenwebp,zenwebp_v01	medium,small,tiny
/home/lilith/work/codec-corpus/CID22/CID22-512/training/1082342.png	zenwebp,zenwebp_v01	medium,small,tiny
/home/lilith/work/codec-corpus/CID22/CID22-512/training/1089930.png	zenwebp,zenwebp_v01	large,medium,small,tiny
/home/lilith/work/codec-corpus/CID22/CID22-512/training/110472.png	zenwebp	medium,small
/home/lilith/work/codec-corpus/CID22/CID22-512/training/1129482.png	zenwebp,zenwebp_v01	small,tiny
/home/lilith/work/codec-corpus/CID22/CID22-512/training/1130683.png	zenwebp,zenwebp_v01	medium,small,tiny
/home/lilith/work/codec-corpus/CID22/CID22-512/training/1147124.png	zenwebp,zenwebp_v01	large,medium,small,tiny
/home/lilith/work/codec-corpus/CID22/CID22-512/training/1173777.png	zenwebp_v01	tiny
/home/lilith/work/codec-corpus/CID22/CID22-512/training/1183021.png	zenwebp,zenwebp_v01	medium,small,tiny
/home/lilith/work/codec-corpus/CID22/CID22-512/training/1200348.png	zenavif,zenwebp,zenwebp_v01	large,medium,small,tiny
/home/lilith/work/codec-corpus/CID22/CID22-512/training/1248582.png	zenwebp,zenwebp_v01	medium,small,tiny
/home/lilith/work/codec-corpus/CID22/CID22-512/training/1277396.png	zenwebp,zenwebp_v01	medium,small
/home/lilith/work/codec-corpus/CID22/CID22-512/training/1287145.png	zenwebp,zenwebp_v01	medium,small,tiny
/home/lilith/work/codec-corpus/CID22/CID22-512/training/1292115.png	zenavif,zenwebp,zenwebp_v01	large,medium,small,tiny
/home/lilith/work/codec-corpus/CID22/CID22-512/training/1370704.png	zenwebp,zenwebp_v01	medium,small,tiny
/home/lilith/work/codec-corpus/CID22/CID22-512/training/1391487.png	zenwebp,zenwebp_v01	medium,small,tiny
/home/lilith/work/codec-corpus/CID22/CID22-512/training/1424246.png	zenwebp,zenwebp_v01	medium,small,tiny
/home/lilith/work/codec-corpus/CID22/CID22-512/training/1428647.png	zenwebp,zenwebp_v01	medium,small,tiny
/home/lilith/work/codec-corpus/CID22/CID22-512/training/144200.png	zenwebp,zenwebp_v01	medium,small,tiny
/home/lilith/work/codec-corpus/CID22/CID22-512/training/144428.png	zenavif,zenwebp,zenwebp_v01	large,medium,small,tiny
/home/lilith/work/codec-corpus/CID22/CID22-512/training/1454613116.png	zenavif,zenwebp,zenwebp_v01	medium,small,tiny
/home/lilith/work/codec-corpus/CID22/CID22-512/training/1454804.png	zenwebp,zenwebp_v01	large,medium,small,tiny
/home/lilith/work/codec-corpus/CID22/CID22-512/training/1459534.png	zenavif,zenwebp,zenwebp_v01	medium,small,tiny
/home/lilith/work/codec-corpus/CID22/CID22-512/training/146083.png	zenwebp,zenwebp_v01	medium,small,tiny
/home/lilith/work/codec-corpus/CID22/CID22-512/training/14768480444_bc0a1b4a2e_o.png	zenwebp,zenwebp_v01	medium,small,tiny
/home/lilith/work/codec-corpus/CID22/CID22-512/training/1484678.png	zenwebp,zenwebp_v01	medium,small,tiny
/home/lilith/work/codec-corpus/CID22/CID22-512/training/1536017106.png	zenwebp	medium,small
/home/lilith/work/codec-corpus/CID22/CID22-512/training/1545529.png	zenavif,zenwebp	medium,small
/home/lilith/work/codec-corpus/CID22/CID22-512/training/1546166.png	zenwebp,zenwebp_v01	medium,small,tiny
/home/lilith/work/codec-corpus/CID22/CID22-512/training/1570264.png	zenwebp,zenwebp_v01	large,medium,small,tiny
/home/lilith/work/codec-corpus/CID22/CID22-512/training/1583244.png	zenwebp,zenwebp_v01	medium,small,tiny
/home/lilith/work/codec-corpus/CID22/CID22-512/training/1583339.png	zenwebp,zenwebp_v01	medium,small,tiny
/home/lilith/work/codec-corpus/CID22/CID22-512/training/159741.png	zenwebp,zenwebp_v01	large,medium,small,tiny
/home/lilith/work/codec-corpus/CID22/CID22-512/training/1599791.png	zenwebp,zenwebp_v01	medium,small,tiny
/home/lilith/work/codec-corpus/CID22/CID22-512/training/160577.png	zenavif,zenwebp,zenwebp_v01	medium,small,tiny
/home/lilith/work/codec-corpus/CID22/CID22-512/training/1618269.png	zenavif,zenwebp,zenwebp_v01	large,medium,small,tiny
/home/lilith/work/codec-corpus/CID22/CID22-512/training/1624307.png	zenwebp,zenwebp_v01	medium,tiny
/home/lilith/work/codec-corpus/CID22/CID22-512/training/162511.png	zenwebp,zenwebp_v01	medium,small,tiny
/home/lilith/work/codec-corpus/CID22/CID22-512/training/164338.png	zenavif,zenwebp,zenwebp_v01	medium,small,tiny
/home/lilith/work/codec-corpus/CID22/CID22-512/training/1661950.png	zenwebp	medium,small
/home/lilith/work/codec-corpus/CID22/CID22-512/training/167491.png	zenavif,zenwebp,zenwebp_v01	large,medium,small,tiny
/home/lilith/work/codec-corpus/CID22/CID22-512/training/1687147.png	zenwebp,zenwebp_v01	large,medium,small,tiny
/home/lilith/work/codec-corpus/CID22/CID22-512/training/169647.png	zenwebp	medium,small
/home/lilith/work/codec-corpus/CID22/CID22-512/training/1722183.png	zenwebp,zenwebp_v01	medium,small,tiny
/home/lilith/work/codec-corpus/CID22/CID22-512/training/1796698.png	zenwebp,zenwebp_v01	medium,small,tiny
/home/lilith/work/codec-corpus/CID22/CID22-512/training/1910225.png	zenavif,zenwebp,zenwebp_v01	medium,small,tiny
/home/lilith/work/codec-corpus/CID22/CID22-512/training/1938351.png	zenwebp,zenwebp_v01	large,medium,small,tiny
/home/lilith/work/codec-corpus/CID22/CID22-512/training/1943411.png	zenwebp,zenwebp_v01	small,tiny
/home/lilith/work/codec-corpus/CID22/CID22-512/training/1963557.png	zenavif,zenwebp,zenwebp_v01	large,medium,small,tiny
/home/lilith/work/codec-corpus/CID22/CID22-512/training/2020432.png	zenavif,zenwebp,zenwebp_v01	large,medium,small,tiny
/home/lilith/work/codec-corpus/CID22/CID22-512/training/2062426.png	zenavif,zenwebp,zenwebp_v01	large,medium,small,tiny
/home/lilith/work/codec-corpus/CID22/CID22-512/training/207691.png	zenwebp,zenwebp_v01	large,medium,small,tiny
/home/lilith/work/codec-corpus/CID22/CID22-512/training/208560.png	zenwebp,zenwebp_v01	medium,small,tiny
/home/lilith/work/codec-corpus/CID22/CID22-512/training/209864.png	zenwebp,zenwebp_v01	medium,small,tiny
/home/lilith/work/codec-corpus/CID22/CID22-512/training/21169144185_3f7977cb5a_o.png	zenwebp,zenwebp_v01	medium,small,tiny
/home/lilith/work/codec-corpus/CID22/CID22-512/training/2119713.png	zenwebp,zenwebp_v01	medium,small,tiny
/home/lilith/work/codec-corpus/CID22/CID22-512/training/2123337.png	zenavif,zenwebp,zenwebp_v01	large,medium,small,tiny
/home/lilith/work/codec-corpus/CID22/CID22-512/training/2127969.png	zenwebp,zenwebp_v01	medium,small,tiny
/home/lilith/work/codec-corpus/CID22/CID22-512/training/2156881.png	zenwebp,zenwebp_v01	large,medium,small,tiny
/home/lilith/work/codec-corpus/CID22/CID22-512/training/2184504.png	zenwebp,zenwebp_v01	medium,small,tiny
/home/lilith/work/codec-corpus/CID22/CID22-512/training/2208891.png	zenavif,zenwebp,zenwebp_v01	medium,small,tiny
/home/lilith/work/codec-corpus/CID22/CID22-512/training/2232979.png	zenavif,zenwebp,zenwebp_v01	large,medium,small,tiny
/home/lilith/work/codec-corpus/CID22/CID22-512/training/225284.png	zenwebp,zenwebp_v01	medium,small,tiny
/home/lilith/work/codec-corpus/CID22/CID22-512/training/2263510.png	zenwebp,zenwebp_v01	medium,small,tiny
/home/lilith/work/codec-corpus/CID22/CID22-512/training/2272939.png	zenavif,zenwebp,zenwebp_v01	large,medium,small,tiny
/home/lilith/work/codec-corpus/CID22/CID22-512/training/2290070.png	zenwebp,zenwebp_v01	medium,small,tiny
/home/lilith/work/codec-corpus/CID22/CID22-512/training/2291004.png	zenwebp,zenwebp_v01	medium,small,tiny
/home/lilith/work/codec-corpus/CID22/CID22-512/training/2387532-srgb.png	zenwebp,zenwebp_v01	large,medium,small,tiny
/home/lilith/work/codec-corpus/CID22/CID22-512/training/2387876.png	zenavif,zenwebp,zenwebp_v01	medium,small,tiny
/home/lilith/work/codec-corpus/CID22/CID22-512/training/239581.png	zenwebp	medium,small
/home/lilith/work/codec-corpus/CID22/CID22-512/training/2444429.png	zenwebp,zenwebp_v01	medium,small,tiny
/home/lilith/work/codec-corpus/CID22/CID22-512/training/2471234.png	zenwebp,zenwebp_v01	large,medium,small,tiny
/home/lilith/work/codec-corpus/CID22/CID22-512/training/2504911.png	zenavif,zenwebp,zenwebp_v01	medium,small,tiny
/home/lilith/work/codec-corpus/CID22/CID22-512/training/2581922.png	zenwebp,zenwebp_v01	medium,small,tiny
/home/lilith/work/codec-corpus/CID22/CID22-512/training/258947.png	zenavif,zenwebp,zenwebp_v01	large,medium,small,tiny
/home/lilith/work/codec-corpus/CID22/CID22-512/training/2599868.png	zenavif,zenwebp,zenwebp_v01	large,medium,small,tiny
/home/lilith/work/codec-corpus/CID22/CID22-512/training/2600340.png	zenwebp,zenwebp_v01	medium,small,tiny
/home/lilith/work/codec-corpus/CID22/CID22-512/training/26103251787_d8635e260d_o.png	zenwebp_v01	large,medium,tiny
/home/lilith/work/codec-corpus/CID22/CID22-512/training/261045.png	zenwebp,zenwebp_v01	medium,small,tiny
/home/lilith/work/codec-corpus/CID22/CID22-512/training/262780.png	zenwebp,zenwebp_v01	large,medium,small,tiny
/home/lilith/work/codec-corpus/CID22/CID22-512/training/2666598.png	zenwebp,zenwebp_v01	medium,small,tiny
/home/lilith/work/codec-corpus/CID22/CID22-512/training/2693208.png	zenwebp,zenwebp_v01	medium,small,tiny
/home/lilith/work/codec-corpus/CID22/CID22-512/training/2693212.png	zenwebp_v01	tiny
/home/lilith/work/codec-corpus/CID22/CID22-512/training/271619.png	zenwebp,zenwebp_v01	medium,small,tiny
/home/lilith/work/codec-corpus/CID22/CID22-512/training/271624.png	zenwebp,zenwebp_v01	medium,small,tiny
/home/lilith/work/codec-corpus/CID22/CID22-512/training/2738653.png	zenwebp,zenwebp_v01	large,medium,small,tiny
/home/lilith/work/codec-corpus/CID22/CID22-512/training/2866385.png	zenavif,zenwebp,zenwebp_v01	medium,small,tiny
/home/lilith/work/codec-corpus/CID22/CID22-512/training/3004909.png	zenwebp,zenwebp_v01	medium,small,tiny
/home/lilith/work/codec-corpus/CID22/CID22-512/training/3044702.png	zenwebp,zenwebp_v01	medium,small,tiny
/home/lilith/work/codec-corpus/CID22/CID22-512/training/3214023.png	zenavif,zenwebp,zenwebp_v01	large,medium,small,tiny
/home/lilith/work/codec-corpus/CID22/CID22-512/training/3311574.png	zenavif,zenwebp,zenwebp_v01	medium,small,tiny
/home/lilith/work/codec-corpus/CID22/CID22-512/training/3315291.png	zenwebp,zenwebp_v01	large,medium,small,tiny
/home/lilith/work/codec-corpus/CID22/CID22-512/training/33162.png	zenwebp,zenwebp_v01	medium,small,tiny
/home/lilith/work/codec-corpus/CID22/CID22-512/training/3316926_opo25u.png	zenavif,zenwebp,zenwebp_v01	large,medium,small,tiny
/home/lilith/work/codec-corpus/CID22/CID22-512/training/3330118.png	zenwebp,zenwebp_v01	medium,small,tiny
/home/lilith/work/codec-corpus/CID22/CID22-512/training/333963.png	zenwebp	medium,small
/home/lilith/work/codec-corpus/CID22/CID22-512/training/3363331.png	zenavif,zenwebp,zenwebp_v01	medium,small,tiny
/home/lilith/work/codec-corpus/CID22/CID22-512/training/3396657.png	zenwebp,zenwebp_v01	large,medium,small,tiny
/home/lilith/work/codec-corpus/CID22/CID22-512/training/3493730.png	zenwebp,zenwebp_v01	large,medium,small,tiny
/home/lilith/work/codec-corpus/CID22/CID22-512/training/3534924.png	zenwebp,zenwebp_v01	large,medium,small
/home/lilith/work/codec-corpus/CID22/CID22-512/training/3571065.png	zenwebp,zenwebp_v01	large,medium,small,tiny
/home/lilith/work/codec-corpus/CID22/CID22-512/training/3584430.png	zenwebp,zenwebp_v01	large,medium,small,tiny
/home/lilith/work/codec-corpus/CID22/CID22-512/training/35875869841_0b10e41e57_o.png	zenavif,zenwebp	medium,small
/home/lilith/work/codec-corpus/CID22/CID22-512/training/3616956.png	zenwebp	medium,small
/home/lilith/work/codec-corpus/CID22/CID22-512/training/3623285.png	zenwebp,zenwebp_v01	medium,small,tiny
/home/lilith/work/codec-corpus/CID22/CID22-512/training/3705529.png	zenwebp,zenwebp_v01	medium,small,tiny
/home/lilith/work/codec-corpus/CID22/CID22-512/training/3779187.png	zenwebp,zenwebp_v01	medium,small,tiny
/home/lilith/work/codec-corpus/CID22/CID22-512/training/3779828.png	zenwebp,zenwebp_v01	medium,small,tiny
/home/lilith/work/codec-corpus/CID22/CID22-512/training/3794859.png	zenwebp,zenwebp_v01	large,medium,small,tiny
/home/lilith/work/codec-corpus/CID22/CID22-512/training/3836671.png	zenwebp,zenwebp_v01	medium,small,tiny
/home/lilith/work/codec-corpus/CID22/CID22-512/training/3952034.png	zenavif,zenwebp,zenwebp_v01	medium,small,tiny
/home/lilith/work/codec-corpus/CID22/CID22-512/training/3DPieChart.png	zenavif,zenwebp,zenwebp_v01	medium,small,tiny
/home/lilith/work/codec-corpus/CID22/CID22-512/training/4099238.png	zenwebp,zenwebp_v01	medium,small,tiny
/home/lilith/work/codec-corpus/CID22/CID22-512/training/45258.png	zenwebp	medium,small
/home/lilith/work/codec-corpus/CID22/CID22-512/training/459728.png	zenwebp,zenwebp_v01	medium,small,tiny
/home/lilith/work/codec-corpus/CID22/CID22-512/training/4666751.png	zenavif,zenwebp,zenwebp_v01	medium,small,tiny
/home/lilith/work/codec-corpus/CID22/CID22-512/training/4843579.png	zenavif,zenwebp,zenwebp_v01	medium,small,tiny
/home/lilith/work/codec-corpus/CID22/CID22-512/training/4934193.png	zenavif,zenwebp,zenwebp_v01	medium,small,tiny
/home/lilith/work/codec-corpus/CID22/CID22-512/training/5097354.png	zenwebp,zenwebp_v01	medium,small,tiny
/home/lilith/work/codec-corpus/CID22/CID22-512/training/5146462.png	zenwebp,zenwebp_v01	medium,small,tiny
/home/lilith/work/codec-corpus/CID22/CID22-512/training/5184684.png	zenavif,zenwebp,zenwebp_v01	medium,small
/home/lilith/work/codec-corpus/CID22/CID22-512/training/5212582.png	zenwebp,zenwebp_v01	large,medium,small,tiny
/home/lilith/work/codec-corpus/CID22/CID22-512/training/53435.png	zenwebp	medium,small
/home/lilith/work/codec-corpus/CID22/CID22-512/training/5398956.png	zenavif,zenwebp,zenwebp_v01	medium,small,tiny
/home/lilith/work/codec-corpus/CID22/CID22-512/training/551991.png	zenwebp,zenwebp_v01	large,medium,small,tiny
/home/lilith/work/codec-corpus/CID22/CID22-512/training/5617414.png	zenavif,zenwebp,zenwebp_v01	medium,small,tiny
/home/lilith/work/codec-corpus/CID22/CID22-512/training/5739122.png	zenwebp,zenwebp_v01	large,medium,small,tiny
/home/lilith/work/codec-corpus/CID22/CID22-512/training/580612.png	zenwebp,zenwebp_v01	medium,small
/home/lilith/work/codec-corpus/CID22/CID22-512/training/5894435.png	zenavif,zenwebp,zenwebp_v01	medium,small,tiny
/home/lilith/work/codec-corpus/CID22/CID22-512/training/60003.png	zenwebp,zenwebp_v01	large,medium,small,tiny
/home/lilith/work/codec-corpus/CID22/CID22-512/training/631292.png	zenwebp,zenwebp_v01	medium,small,tiny
/home/lilith/work/codec-corpus/CID22/CID22-512/training/631317.png	zenavif,zenwebp,zenwebp_v01	medium,small,tiny
/home/lilith/work/codec-corpus/CID22/CID22-512/training/64271.png	zenwebp,zenwebp_v01	medium,small,tiny
/home/lilith/work/codec-corpus/CID22/CID22-512/training/670530.png	zenwebp,zenwebp_v01	medium,small,tiny
/home/lilith/work/codec-corpus/CID22/CID22-512/training/67216.png	zenwebp,zenwebp_v01	large,medium,small,tiny
/home/lilith/work/codec-corpus/CID22/CID22-512/training/675951.png	zenwebp,zenwebp_v01	large,medium,small,tiny
/home/lilith/work/codec-corpus/CID22/CID22-512/training/6763758.png	zenwebp,zenwebp_v01	large,medium,small,tiny
/home/lilith/work/codec-corpus/CID22/CID22-512/training/7062177.png	zenwebp,zenwebp_v01	medium,small,tiny
/home/lilith/work/codec-corpus/CID22/CID22-512/training/7062197.png	zenwebp,zenwebp_v01	medium,small,tiny
/home/lilith/work/codec-corpus/CID22/CID22-512/training/7062227.png	zenwebp,zenwebp_v01	medium,small,tiny
/home/lilith/work/codec-corpus/CID22/CID22-512/training/708587.png	zenwebp	medium,small
/home/lilith/work/codec-corpus/CID22/CID22-512/training/7195294.png	zenwebp,zenwebp_v01	large,medium,small,tiny
/home/lilith/work/codec-corpus/CID22/CID22-512/training/7218572.png	zenavif,zenwebp,zenwebp_v01	medium,small,tiny
/home/lilith/work/codec-corpus/CID22/CID22-512/training/7233401.png	zenavif,zenwebp,zenwebp_v01	large,medium,small,tiny
/home/lilith/work/codec-corpus/CID22/CID22-512/training/7256805.png	zenwebp,zenwebp_v01	medium,small,tiny
/home/lilith/work/codec-corpus/CID22/CID22-512/training/7280783.png	zenavif,zenwebp,zenwebp_v01	medium,small,tiny
/home/lilith/work/codec-corpus/CID22/CID22-512/training/7394483.png	zenavif,zenwebp,zenwebp_v01	medium,small,tiny
/home/lilith/work/codec-corpus/CID22/CID22-512/training/8442861.png	zenavif,zenwebp,zenwebp_v01	large,medium,small,tiny
/home/lilith/work/codec-corpus/CID22/CID22-512/training/861443.png	zenwebp,zenwebp_v01	large,medium,small,tiny
/home/lilith/work/codec-corpus/CID22/CID22-512/training/962312.png	zenwebp_v01	tiny
/home/lilith/work/codec-corpus/CID22/CID22-512/training/Abstract-Art-1.png	zenavif,zenwebp,zenwebp_v01	medium,small,tiny
/home/lilith/work/codec-corpus/CID22/CID22-512/training/AgilityCourseElements.png	zenwebp,zenwebp_v01	medium,small,tiny
/home/lilith/work/codec-corpus/CID22/CID22-512/training/Beam-Space-Processing.png	zenavif,zenwebp,zenwebp_v01	medium,small,tiny
/home/lilith/work/codec-corpus/CID22/CID22-512/training/Boxplot.png	zenwebp,zenwebp_v01	medium,small,tiny
/home/lilith/work/codec-corpus/CID22/CID22-512/training/EPICA Delta D Plot.png	zenavif,zenwebp,zenwebp_v01	medium,small,tiny
/home/lilith/work/codec-corpus/CID22/CID22-512/training/Lungs-Cross-Section-Illustration.png	zenwebp,zenwebp_v01	medium,small,tiny
/home/lilith/work/codec-corpus/CID22/CID22-512/training/No-interference.png	zenavif,zenwebp,zenwebp_v01	large,medium,small,tiny
/home/lilith/work/codec-corpus/CID22/CID22-512/training/Performance-Graph.png	zenwebp,zenwebp_v01	large,medium,small,tiny
/home/lilith/work/codec-corpus/CID22/CID22-512/training/StockQuoteGraph-20120521.png	zenavif,zenwebp,zenwebp_v01	medium,small,tiny
/home/lilith/work/codec-corpus/CID22/CID22-512/training/Temperament-pie-chart-according-to-Eysenck.png	zenavif,zenwebp,zenwebp_v01	medium,small,tiny
/home/lilith/work/codec-corpus/CID22/CID22-512/training/Verkehrstote Deutschland 1953-2012.png	zenavif,zenwebp,zenwebp_v01	medium,small,tiny
/home/lilith/work/codec-corpus/CID22/CID22-512/training/adriankierman-report-page.png	zenavif,zenwebp,zenwebp_v01	medium,small,tiny
/home/lilith/work/codec-corpus/CID22/CID22-512/training/akfcrc022.png	zenwebp,zenwebp_v01	medium,small,tiny
/home/lilith/work/codec-corpus/CID22/CID22-512/training/klepas-Gentle-giants-of-the-sea-3.png	zenwebp,zenwebp_v01	medium,small,tiny
/home/lilith/work/codec-corpus/CID22/CID22-512/training/newplot (1).png	zenavif,zenwebp,zenwebp_v01	large,medium,small,tiny
/home/lilith/work/codec-corpus/CID22/CID22-512/training/newplot.png	zenwebp,zenwebp_v01	medium,small,tiny
/home/lilith/work/codec-corpus/CID22/CID22-512/training/nicubunu_Game_baddie_Policeman.png	zenavif,zenwebp,zenwebp_v01	medium,small,tiny
/home/lilith/work/codec-corpus/CID22/CID22-512/training/pexels-photo-1029599.png	zenwebp,zenwebp_v01	large,medium,small,tiny
/home/lilith/work/codec-corpus/CID22/CID22-512/training/pexels-photo-1075776.png	zenwebp,zenwebp_v01	large,medium,small,tiny
/home/lilith/work/codec-corpus/CID22/CID22-512/training/pexels-photo-1130297.png	zenwebp,zenwebp_v01	medium,small,tiny
/home/lilith/work/codec-corpus/CID22/CID22-512/training/pexels-photo-1544724.png	zenwebp	medium,small
/home/lilith/work/codec-corpus/CID22/CID22-512/training/pexels-photo-1933873.png	zenwebp,zenwebp_v01	medium,small,tiny
/home/lilith/work/codec-corpus/CID22/CID22-512/training/pexels-photo-2598024.png	zenwebp,zenwebp_v01	large,medium,small,tiny
/home/lilith/work/codec-corpus/CID22/CID22-512/training/pexels-photo-2686358.png	zenwebp,zenwebp_v01	medium,small,tiny
/home/lilith/work/codec-corpus/CID22/CID22-512/training/pexels-photo-2802032.png	zenavif,zenwebp,zenwebp_v01	large,medium,small,tiny
/home/lilith/work/codec-corpus/CID22/CID22-512/training/pexels-photo-2811087.png	zenwebp,zenwebp_v01	large,medium,small,tiny
/home/lilith/work/codec-corpus/CID22/CID22-512/training/pexels-photo-2846602.png	zenwebp,zenwebp_v01	large,medium,small,tiny
/home/lilith/work/codec-corpus/CID22/CID22-512/training/pexels-photo-2908983.png	zenwebp,zenwebp_v01	large,medium,small,tiny
/home/lilith/work/codec-corpus/CID22/CID22-512/training/pexels-photo-3155588.png	zenwebp,zenwebp_v01	medium,small,tiny
/home/lilith/work/codec-corpus/CID22/CID22-512/training/pexels-photo-3193731.png	zenavif,zenwebp,zenwebp_v01	medium,small
/home/lilith/work/codec-corpus/CID22/CID22-512/training/pexels-photo-3214683.png	zenwebp,zenwebp_v01	medium,small,tiny
/home/lilith/work/codec-corpus/CID22/CID22-512/training/pexels-photo-3289880.png	zenwebp,zenwebp_v01	large,medium,small,tiny
/home/lilith/work/codec-corpus/CID22/CID22-512/training/pexels-photo-3568544.png	zenwebp,zenwebp_v01	large,medium,small,tiny
/home/lilith/work/codec-corpus/CID22/CID22-512/training/pexels-photo-3586798.png	zenwebp,zenwebp_v01	medium,small,tiny
/home/lilith/work/codec-corpus/CID22/CID22-512/training/pexels-photo-3680501.png	zenwebp,zenwebp_v01	large,medium,small,tiny
/home/lilith/work/codec-corpus/CID22/CID22-512/training/pexels-photo-4177747.png	zenavif,zenwebp,zenwebp_v01	medium,small,tiny
/home/lilith/work/codec-corpus/CID22/CID22-512/training/pexels-photo-4210863.png	zenwebp_v01	large,medium,small,tiny
/home/lilith/work/codec-corpus/CID22/CID22-512/training/pexels-photo-4352249.png	zenwebp,zenwebp_v01	large,medium,small,tiny
/home/lilith/work/codec-corpus/CID22/CID22-512/training/pexels-photo-4354221.png	zenwebp,zenwebp_v01	medium,small,tiny
/home/lilith/work/codec-corpus/CID22/CID22-512/training/pexels-photo-4405455.png	zenwebp,zenwebp_v01	medium,small,tiny
/home/lilith/work/codec-corpus/CID22/CID22-512/training/pexels-photo-4577831.png	zenwebp,zenwebp_v01	large,medium,small,tiny
/home/lilith/work/codec-corpus/CID22/CID22-512/training/pexels-photo-4672246.png	zenavif,zenwebp	medium,small
/home/lilith/work/codec-corpus/CID22/CID22-512/training/pexels-photo-6096399.png	zenavif,zenwebp,zenwebp_v01	medium,small,tiny
/home/lilith/work/codec-corpus/CID22/CID22-512/training/pexels-photo-635405.png	zenwebp,zenwebp_v01	large,medium,small,tiny
/home/lilith/work/codec-corpus/CID22/CID22-512/training/pexels-photo-6635187.png	zenwebp,zenwebp_v01	medium,small,tiny
/home/lilith/work/codec-corpus/CID22/CID22-512/training/pexels-photo-6926600.png	zenwebp	medium,small
/home/lilith/work/codec-corpus/CID22/CID22-512/training/pexels-photo-7078290.png	zenavif,zenwebp,zenwebp_v01	large,medium,small,tiny
/home/lilith/work/codec-corpus/CID22/CID22-512/training/pexels-photo-7078476.png	zenwebp,zenwebp_v01	medium,small,tiny
/home/lilith/work/codec-corpus/CID22/CID22-512/training/pexels-photo-7114620.png	zenwebp,zenwebp_v01	large,medium,small,tiny
/home/lilith/work/codec-corpus/CID22/CID22-512/training/pexels-photo-7263002.png	zenwebp,zenwebp_v01	medium,small,tiny
/home/lilith/work/codec-corpus/CID22/CID22-512/training/pexels-photo-7266811.png	zenwebp,zenwebp_v01	medium,small,tiny
/home/lilith/work/codec-corpus/CID22/CID22-512/training/pexels-photo-7438498.png	zenavif,zenwebp,zenwebp_v01	medium,small,tiny
/home/lilith/work/codec-corpus/CID22/CID22-512/training/pexels-photo-796526.png	zenwebp,zenwebp_v01	medium,small,tiny
/home/lilith/work/codec-corpus/CID22/CID22-512/training/pexels-photo-951408.png	zenwebp,zenwebp_v01	medium,small,tiny
/home/lilith/work/codec-corpus/CID22/CID22-512/training/ularapi_Semarang_City_Logo.png	zenavif,zenwebp,zenwebp_v01	medium,small,tiny
/home/lilith/work/codec-corpus/CID22/CID22-512/validation/1189261.png	zenavif	medium
/home/lilith/work/codec-corpus/CID22/CID22-512/validation/1279330.png	zenavif	small
/home/lilith/work/codec-corpus/CID22/CID22-512/validation/1418519.png	zenavif	medium
/home/lilith/work/codec-corpus/CID22/CID22-512/validation/2079234.png	zenavif	small
/home/lilith/work/codec-corpus/CID22/CID22-512/validation/2670327.png	zenavif	small
/home/lilith/work/codec-corpus/CID22/CID22-512/validation/2887497.png	zenavif	medium,small
/home/lilith/work/codec-corpus/CID22/CID22-512/validation/2936831.png	zenavif	medium,small
/home/lilith/work/codec-corpus/CID22/CID22-512/validation/3156482.png	zenavif	medium
/home/lilith/work/codec-corpus/CID22/CID22-512/validation/3316926.png	zenavif	medium,small
/home/lilith/work/codec-corpus/CID22/CID22-512/validation/3637739.png	zenavif	small
/home/lilith/work/codec-corpus/CID22/CID22-512/validation/382297.png	zenavif	medium
/home/lilith/work/codec-corpus/CID22/CID22-512/validation/7062219.png	zenavif	small
/home/lilith/work/codec-corpus/CID22/CID22-512/validation/7552578.png	zenavif	medium,small
/home/lilith/work/codec-corpus/CID22/CID22-512/validation/792079.png	zenavif	small
/home/lilith/work/codec-corpus/CID22/CID22-512/validation/844297.png	zenavif	medium
/home/lilith/work/codec-corpus/clic2025-1024/0369d229ba4c9965d5caeb38c359a027a810968eee930b81520b604e76b4df14.png	zenavif	large,medium,small
/home/lilith/work/codec-corpus/clic2025-1024/097cb426910ba8ce2525dd8bb7fb1777.png	zenavif	small
/home/lilith/work/codec-corpus/clic2025-1024/0c49a5cce349020bbba2f97ae41e90ba.png	zenavif	large
/home/lilith/work/codec-corpus/clic2025-1024/100f17892cf7bb12beb12479641fcc4c.png	zenavif	small
/home/lilith/work/codec-corpus/clic2025-1024/1cba10ad9bb4ced57e42f7656c5f2a58d32dc6bad084957d2f8d1c78e0fcd224.png	zenavif	medium
/home/lilith/work/codec-corpus/clic2025-1024/22ea12c903e41583b7c469cb86040157.png	zenavif	large,small
/home/lilith/work/codec-corpus/clic2025-1024/2397c73f8feeb8f630fe055da5551c671794afae80528e8612dc62fc0cf61294.png	zenavif	large
/home/lilith/work/codec-corpus/clic2025-1024/2a760bf1ccea6998be3890dcc2371b23f35fe3006562884b45bc534a621d5c12.png	zenavif	large,medium,small
/home/lilith/work/codec-corpus/clic2025-1024/2c1f84548ef99faec2b4f9bf12227c83.png	zenavif	large,medium
/home/lilith/work/codec-corpus/clic2025-1024/4cd6910a0b7b39365fda5df87618d091.png	zenavif	large,medium,small
/home/lilith/work/codec-corpus/clic2025-1024/50d13125b665e0c4c1673264807bfc3cc7a217819329696843fea4c69aff8b91.png	zenavif	large,small
/home/lilith/work/codec-corpus/clic2025-1024/79b1bb29124f590c2e99e6c71c18affe25115d594a821cadc58bf24bf94dae8d.png	zenavif	large,small
/home/lilith/work/codec-corpus/clic2025-1024/7e499613c3e376ea93afb3649719abeb.png	zenavif	large,medium
/home/lilith/work/codec-corpus/clic2025-1024/8bb119b8ca17492392e1e3ea4b811b32.png	zenavif	medium
/home/lilith/work/codec-corpus/clic2025-1024/937476dd72f98638f34299dda5e9c252621b5e809c364692fc2934e000583286.png	zenavif	medium,small
/home/lilith/work/codec-corpus/clic2025-1024/a365e6541bab5c0f4e01bf43a0c3a655d88292a8ac45403a889c308d11854555.png	zenavif	large,small
/home/lilith/work/codec-corpus/clic2025-1024/aed95e005df28e790519eefb6eb1e565.png	zenavif	small
/home/lilith/work/codec-corpus/clic2025-1024/b939ac34faa94b5d0e753d570edc7048.png	zenavif	small
/home/lilith/work/codec-corpus/clic2025-1024/c80999cd5533e448167cd9b3ccfa2a37.png	zenavif	large,small
/home/lilith/work/codec-corpus/clic2025-1024/d1a9be98d1936065967adac50a6fb750.png	zenavif	medium,small
/home/lilith/work/codec-corpus/clic2025-1024/e0d8e29cadfc99663c7d1a4a5afe20c454ec54d0d873776ec397c59405c74790.png	zenavif	small
/home/lilith/work/codec-corpus/clic2025-1024/ebfd571f1c6824316047a29cb5f376eec15f56dd51821119c1842be068a8b950.png	zenavif	large,medium,small
/home/lilith/work/codec-corpus/clic2025-1024/eda6d42794b0d0140628fa90fc0c14a7ba88159b8474d0077027c32ee2ddf6f0.png	zenavif	large,small
/home/lilith/work/codec-corpus/clic2025-1024/ef576c4ed599d75d72145a8f34b58ccb.png	zenavif	large,small
/home/lilith/work/codec-corpus/clic2025/final-test/02809272b4ca9b08af45771501b741296187c7e26907efb44abbbfcb6cd804f7.png	zenavif	tiny
/home/lilith/work/codec-corpus/clic2025/final-test/50fe4c3d47d864858e1aaa60fecef5c453b4e18d2b368718eeb5c1e249e0c902.png	zenavif	tiny
/home/lilith/work/codec-corpus/clic2025/final-test/608cb09e6ffc66d4bc838d4088bf4c0ab889d7e83d4f5d78805cbc4497e432a1.png	zenavif	tiny
/home/lilith/work/codec-corpus/clic2025/final-test/8426ed2245c791232862b0a0b2a62a1f17031e8e6e38921fe939df0b3a05ac41.png	zenavif	medium
/home/lilith/work/codec-corpus/clic2025/final-test/86127fbdb368eb28c3039cf61aff1c4cfdc4ade24070c8f2389968d5ead681e1.png	zenavif	small,tiny
/home/lilith/work/codec-corpus/clic2025/final-test/e0d8e29cadfc99663c7d1a4a5afe20c454ec54d0d873776ec397c59405c74790.png	zenavif	medium,small
/home/lilith/work/codec-corpus/clic2025/training/097cb426910ba8ce2525dd8bb7fb1777.png	zenwebp,zenwebp_v01	large,medium,small,tiny
/home/lilith/work/codec-corpus/clic2025/training/0c49a5cce349020bbba2f97ae41e90ba.png	zenavif,zenwebp	large,medium,small,tiny
/home/lilith/work/codec-corpus/clic2025/training/100a02c269c5948392f283b2aa3bb4da.png	zenwebp,zenwebp_v01	large,medium,small,tiny
/home/lilith/work/codec-corpus/clic2025/training/100f17892cf7bb12beb12479641fcc4c.png	zenwebp,zenwebp_v01	large,medium,small,tiny
/home/lilith/work/codec-corpus/clic2025/training/11f2b039b293758398b1a7a8afa64bb2.png	zenwebp,zenwebp_v01	large,medium,small,tiny
/home/lilith/work/codec-corpus/clic2025/training/14ab4af28901fbeb1356b06d2d08ae06.png	zenwebp,zenwebp_v01	large,medium,small,tiny
/home/lilith/work/codec-corpus/clic2025/training/1e2f9d41529197f10d32bfa68a1e0bcc.png	zenwebp,zenwebp_v01	large,medium,small,tiny
/home/lilith/work/codec-corpus/clic2025/training/22ea12c903e41583b7c469cb86040157.png	zenwebp,zenwebp_v01	large,tiny
/home/lilith/work/codec-corpus/clic2025/training/28d24b9c83de066597ff96a68769884f.png	zenwebp,zenwebp_v01	large,medium,small,tiny
/home/lilith/work/codec-corpus/clic2025/training/2a2420f929cd47122eae364a2bc27710.png	zenavif,zenwebp,zenwebp_v01	large,medium,small,tiny
/home/lilith/work/codec-corpus/clic2025/training/2c1f84548ef99faec2b4f9bf12227c83.png	zenwebp,zenwebp_v01	large,medium,small,tiny
/home/lilith/work/codec-corpus/clic2025/training/3140d643a1f57e80ff265507984d95a0.png	zenwebp,zenwebp_v01	large,medium,small,tiny
/home/lilith/work/codec-corpus/clic2025/training/4a18abf66d65ad1a95ce455c8b6cd8de.png	zenwebp,zenwebp_v01	large,medium,small,tiny
/home/lilith/work/codec-corpus/clic2025/training/4cd6910a0b7b39365fda5df87618d091.png	zenwebp,zenwebp_v01	large,small,tiny
/home/lilith/work/codec-corpus/clic2025/training/5dbdb989cf026f7ab3dd7167d7fc0fe2.png	zenavif,zenwebp,zenwebp_v01	large,medium,small,tiny
/home/lilith/work/codec-corpus/clic2025/training/5e5ce43575fa67fdc0dd37146d7f479e.png	zenwebp,zenwebp_v01	large,medium,small,tiny
/home/lilith/work/codec-corpus/clic2025/training/60430844748882ff66b9a5598ef06dd6.png	zenavif,zenwebp,zenwebp_v01	large,medium,small,tiny
/home/lilith/work/codec-corpus/clic2025/training/7e499613c3e376ea93afb3649719abeb.png	zenwebp,zenwebp_v01	large,medium,small,tiny
/home/lilith/work/codec-corpus/clic2025/training/870516c65d81fb9267de6865964083a9.png	zenwebp,zenwebp_v01	large,medium,small,tiny
/home/lilith/work/codec-corpus/clic2025/training/8bb119b8ca17492392e1e3ea4b811b32.png	zenwebp,zenwebp_v01	large,medium,small,tiny
/home/lilith/work/codec-corpus/clic2025/training/9466a908d088d32ee73f04116c40e48c.png	zenwebp,zenwebp_v01	large,medium,small,tiny
/home/lilith/work/codec-corpus/clic2025/training/a10ae819a2d24873079c93346200cab3.png	zenwebp,zenwebp_v01	large,medium,small,tiny
/home/lilith/work/codec-corpus/clic2025/training/a36713f1943dac6bc74dea50cadaee6f.png	zenwebp	large,medium,small,tiny
/home/lilith/work/codec-corpus/clic2025/training/aed95e005df28e790519eefb6eb1e565.png	zenwebp,zenwebp_v01	large,medium,small,tiny
/home/lilith/work/codec-corpus/clic2025/training/afe3676bbfcf7183d697ff7b5d5bd45b.png	zenwebp,zenwebp_v01	large,medium,small,tiny
/home/lilith/work/codec-corpus/clic2025/training/b51d5fb537246482ef7a7ab63f093cab.png	zenavif,zenwebp,zenwebp_v01	large,medium,small,tiny
/home/lilith/work/codec-corpus/clic2025/training/b939ac34faa94b5d0e753d570edc7048.png	zenwebp,zenwebp_v01	large,small,tiny
/home/lilith/work/codec-corpus/clic2025/training/c80999cd5533e448167cd9b3ccfa2a37.png	zenwebp,zenwebp_v01	large,medium,small,tiny
/home/lilith/work/codec-corpus/clic2025/training/d1a9be98d1936065967adac50a6fb750.png	zenavif,zenwebp,zenwebp_v01	large,medium,small,tiny
/home/lilith/work/codec-corpus/clic2025/training/d79d465ac77c36518e0f0d626bf97ec4.png	zenavif,zenwebp,zenwebp_v01	large,medium,small,tiny
/home/lilith/work/codec-corpus/clic2025/training/ddcd24d99f48eaa369207882a6f37831.png	zenwebp,zenwebp_v01	large,medium,small,tiny
/home/lilith/work/codec-corpus/clic2025/training/ef576c4ed599d75d72145a8f34b58ccb.png	zenwebp,zenwebp_v01	large,medium,small,tiny
/home/lilith/work/codec-corpus/gb82-sc/codec_wiki.png	zenavif	medium,tiny
/home/lilith/work/codec-corpus/gb82-sc/gmessages.png	zenavif	medium,small,tiny
/home/lilith/work/codec-corpus/gb82-sc/graph.png	zenavif	small,tiny
/home/lilith/work/codec-corpus/gb82-sc/terminal.png	zenavif	medium,small,tiny
/home/lilith/work/codec-corpus/gb82/baby-lossless.png	zenwebp,zenwebp_v01	medium,small,tiny
/home/lilith/work/codec-corpus/gb82/bulb-lossless.png	zenwebp,zenwebp_v01	large,medium,small,tiny
/home/lilith/work/codec-corpus/gb82/city-lossless.png	zenwebp,zenwebp_v01	medium,small,tiny
/home/lilith/work/codec-corpus/gb82/dog-lossless.png	zenwebp,zenwebp_v01	medium,small,tiny
/home/lilith/work/codec-corpus/gb82/flowers-lossless.png	zenwebp,zenwebp_v01	medium,small,tiny
/home/lilith/work/codec-corpus/gb82/girl-lossless.png	zenwebp	medium,small
/home/lilith/work/codec-corpus/gb82/grass-lossless.png	zenwebp,zenwebp_v01	medium,small,tiny
/home/lilith/work/codec-corpus/gb82/guitar-lossless.png	zenavif,zenwebp,zenwebp_v01	medium,small,tiny
/home/lilith/work/codec-corpus/gb82/haze-lossless.png	zenavif,zenwebp,zenwebp_v01	large,medium,small,tiny
/home/lilith/work/codec-corpus/gb82/house-lossless.png	zenavif	medium,small
/home/lilith/work/codec-corpus/gb82/mies-lossless.png	zenavif	medium
/home/lilith/work/codec-corpus/gb82/night-lossless.png	zenavif	medium
/home/lilith/work/codec-corpus/gb82/pixel-lossless.png	zenavif	medium,small
/home/lilith/work/codec-corpus/gb82/rain-lossless.png	zenavif	medium,small
/home/lilith/work/codec-corpus/gb82/sand-lossless.png	zenavif	medium,small
/home/lilith/work/codec-corpus/gb82/sunset-lossless.png	zenavif	medium,small
/home/lilith/work/codec-corpus/kadid10k/I01.png	zenavif	tiny
/home/lilith/work/codec-corpus/kadid10k/I03.png	zenavif	tiny
/home/lilith/work/codec-corpus/kadid10k/I04.png	zenavif	small
/home/lilith/work/codec-corpus/kadid10k/I08.png	zenavif	small
/home/lilith/work/codec-corpus/kadid10k/I12.png	zenavif	tiny
/home/lilith/work/codec-corpus/kadid10k/I15.png	zenavif	small,tiny
/home/lilith/work/codec-corpus/kadid10k/I24.png	zenavif	tiny
/home/lilith/work/codec-corpus/kadid10k/I26.png	zenavif	small
/home/lilith/work/codec-corpus/kadid10k/I33.png	zenavif	small
/home/lilith/work/codec-corpus/kadid10k/I35.png	zenavif	small
/home/lilith/work/codec-corpus/kadid10k/I36.png	zenavif	small,tiny
/home/lilith/work/codec-corpus/kadid10k/I38.png	zenavif	tiny
/home/lilith/work/codec-corpus/kadid10k/I40.png	zenavif	tiny
/home/lilith/work/codec-corpus/kadid10k/I50.png	zenavif	tiny
/home/lilith/work/codec-corpus/kadid10k/I51.png	zenavif	small,tiny
/home/lilith/work/codec-corpus/kadid10k/I52.png	zenavif	tiny
/home/lilith/work/codec-corpus/kadid10k/I53.png	zenavif	tiny
/home/lilith/work/codec-corpus/kadid10k/I56.png	zenavif	small
/home/lilith/work/codec-corpus/kadid10k/I59.png	zenavif	tiny
/home/lilith/work/codec-corpus/kadid10k/I63.png	zenavif	tiny
/home/lilith/work/codec-corpus/kadid10k/I65.png	zenavif	small,tiny
/home/lilith/work/codec-corpus/kadid10k/I73.png	zenavif	small
/home/lilith/work/codec-corpus/kadid10k/I80.png	zenavif	small,tiny
/home/lilith/work/codec-eval/codec-corpus/CID22/CID22-512/training/1001682.png	zenjpeg	large,medium,tiny
/home/lilith/work/codec-eval/codec-corpus/CID22/CID22-512/training/1028637.png	zenjpeg	large,medium,tiny
/home/lilith/work/codec-eval/codec-corpus/CID22/CID22-512/training/1029604.png	zenjpeg	tiny
/home/lilith/work/codec-eval/codec-corpus/CID22/CID22-512/training/1080721.png	zenjpeg	large,medium,tiny
/home/lilith/work/codec-eval/codec-corpus/CID22/CID22-512/training/1082342.png	zenjpeg	tiny
/home/lilith/work/codec-eval/codec-corpus/CID22/CID22-512/training/1129482.png	zenjpeg	large,medium,small,tiny
/home/lilith/work/codec-eval/codec-corpus/CID22/CID22-512/training/1147124.png	zenjpeg	medium,tiny
/home/lilith/work/codec-eval/codec-corpus/CID22/CID22-512/training/1173777.png	zenjpeg	tiny
/home/lilith/work/codec-eval/codec-corpus/CID22/CID22-512/training/1183021.png	zenjpeg	tiny
/home/lilith/work/codec-eval/codec-corpus/CID22/CID22-512/training/1200348.png	zenjpeg	tiny
/home/lilith/work/codec-eval/codec-corpus/CID22/CID22-512/training/1248582.png	zenjpeg	tiny
/home/lilith/work/codec-eval/codec-corpus/CID22/CID22-512/training/1277396.png	zenjpeg	tiny
/home/lilith/work/codec-eval/codec-corpus/CID22/CID22-512/training/1287145.png	zenjpeg	large,medium,tiny
/home/lilith/work/codec-eval/codec-corpus/CID22/CID22-512/training/1292115.png	zenjpeg	large,medium,tiny
/home/lilith/work/codec-eval/codec-corpus/CID22/CID22-512/training/1370704.png	zenjpeg	tiny
/home/lilith/work/codec-eval/codec-corpus/CID22/CID22-512/training/144200.png	zenjpeg	tiny
/home/lilith/work/codec-eval/codec-corpus/CID22/CID22-512/training/144428.png	zenjpeg	tiny
/home/lilith/work/codec-eval/codec-corpus/CID22/CID22-512/training/1454613116.png	zenjpeg	large,medium,small,tiny
/home/lilith/work/codec-eval/codec-corpus/CID22/CID22-512/training/1454804.png	zenjpeg	large,medium,tiny
/home/lilith/work/codec-eval/codec-corpus/CID22/CID22-512/training/1459534.png	zenjpeg	large
/home/lilith/work/codec-eval/codec-corpus/CID22/CID22-512/training/146083.png	zenjpeg	medium,tiny
/home/lilith/work/codec-eval/codec-corpus/CID22/CID22-512/training/1536017106.png	zenjpeg	large,medium,tiny
/home/lilith/work/codec-eval/codec-corpus/CID22/CID22-512/training/1546166.png	zenjpeg	tiny
/home/lilith/work/codec-eval/codec-corpus/CID22/CID22-512/training/1570264.png	zenjpeg	medium,small,tiny
/home/lilith/work/codec-eval/codec-corpus/CID22/CID22-512/training/1583244.png	zenjpeg	tiny
/home/lilith/work/codec-eval/codec-corpus/CID22/CID22-512/training/1583339.png	zenjpeg	tiny
/home/lilith/work/codec-eval/codec-corpus/CID22/CID22-512/training/1599791.png	zenjpeg	tiny
/home/lilith/work/codec-eval/codec-corpus/CID22/CID22-512/training/160577.png	zenjpeg	tiny
/home/lilith/work/codec-eval/codec-corpus/CID22/CID22-512/training/1624307.png	zenjpeg	tiny
/home/lilith/work/codec-eval/codec-corpus/CID22/CID22-512/training/162511.png	zenjpeg	tiny
/home/lilith/work/codec-eval/codec-corpus/CID22/CID22-512/training/1661950.png	zenjpeg	tiny
/home/lilith/work/codec-eval/codec-corpus/CID22/CID22-512/training/1687147.png	zenjpeg	tiny
/home/lilith/work/codec-eval/codec-corpus/CID22/CID22-512/training/169647.png	zenjpeg	tiny
/home/lilith/work/codec-eval/codec-corpus/CID22/CID22-512/training/1722183.png	zenjpeg	tiny
/home/lilith/work/codec-eval/codec-corpus/CID22/CID22-512/training/1910225.png	zenjpeg	tiny
/home/lilith/work/codec-eval/codec-corpus/CID22/CID22-512/training/1938351.png	zenjpeg	tiny
/home/lilith/work/codec-eval/codec-corpus/CID22/CID22-512/training/1943411.png	zenjpeg	tiny
/home/lilith/work/codec-eval/codec-corpus/CID22/CID22-512/training/1963557.png	zenjpeg	tiny
/home/lilith/work/codec-eval/codec-corpus/CID22/CID22-512/training/2020432.png	zenjpeg	tiny
/home/lilith/work/codec-eval/codec-corpus/CID22/CID22-512/training/2062426.png	zenjpeg	tiny
/home/lilith/work/codec-eval/codec-corpus/CID22/CID22-512/training/207691.png	zenjpeg	tiny
/home/lilith/work/codec-eval/codec-corpus/CID22/CID22-512/training/209864.png	zenjpeg	tiny
/home/lilith/work/codec-eval/codec-corpus/CID22/CID22-512/training/2123337.png	zenjpeg	large,medium,tiny
/home/lilith/work/codec-eval/codec-corpus/CID22/CID22-512/training/2127969.png	zenjpeg	tiny
/home/lilith/work/codec-eval/codec-corpus/CID22/CID22-512/training/2156881.png	zenjpeg	tiny
/home/lilith/work/codec-eval/codec-corpus/CID22/CID22-512/training/2184504.png	zenjpeg	large,medium,tiny
/home/lilith/work/codec-eval/codec-corpus/CID22/CID22-512/training/2208891.png	zenjpeg	tiny
/home/lilith/work/codec-eval/codec-corpus/CID22/CID22-512/training/2232979.png	zenjpeg	tiny
/home/lilith/work/codec-eval/codec-corpus/CID22/CID22-512/training/225284.png	zenjpeg	large,medium
/home/lilith/work/codec-eval/codec-corpus/CID22/CID22-512/training/2263510.png	zenjpeg	tiny
/home/lilith/work/codec-eval/codec-corpus/CID22/CID22-512/training/2272939.png	zenjpeg	large,medium,tiny
/home/lilith/work/codec-eval/codec-corpus/CID22/CID22-512/training/2290070.png	zenjpeg	large,tiny
/home/lilith/work/codec-eval/codec-corpus/CID22/CID22-512/training/2291004.png	zenjpeg	tiny
/home/lilith/work/codec-eval/codec-corpus/CID22/CID22-512/training/2387532-srgb.png	zenjpeg	large,medium,small,tiny
/home/lilith/work/codec-eval/codec-corpus/CID22/CID22-512/training/2387876.png	zenjpeg	large,medium,tiny
/home/lilith/work/codec-eval/codec-corpus/CID22/CID22-512/training/239581.png	zenjpeg	tiny
/home/lilith/work/codec-eval/codec-corpus/CID22/CID22-512/training/2504911.png	zenjpeg	tiny
/home/lilith/work/codec-eval/codec-corpus/CID22/CID22-512/training/2581922.png	zenjpeg	tiny
/home/lilith/work/codec-eval/codec-corpus/CID22/CID22-512/training/258947.png	zenjpeg	tiny
/home/lilith/work/codec-eval/codec-corpus/CID22/CID22-512/training/2599868.png	zenjpeg	tiny
/home/lilith/work/codec-eval/codec-corpus/CID22/CID22-512/training/2600340.png	zenjpeg	tiny
/home/lilith/work/codec-eval/codec-corpus/CID22/CID22-512/training/26103251787_d8635e260d_o.png	zenjpeg	tiny
/home/lilith/work/codec-eval/codec-corpus/CID22/CID22-512/training/261045.png	zenjpeg	large,medium
/home/lilith/work/codec-eval/codec-corpus/CID22/CID22-512/training/262780.png	zenjpeg	tiny
/home/lilith/work/codec-eval/codec-corpus/CID22/CID22-512/training/2666598.png	zenjpeg	large,tiny
/home/lilith/work/codec-eval/codec-corpus/CID22/CID22-512/training/2693208.png	zenjpeg	large,medium
/home/lilith/work/codec-eval/codec-corpus/CID22/CID22-512/training/271619.png	zenjpeg	tiny
/home/lilith/work/codec-eval/codec-corpus/CID22/CID22-512/training/271624.png	zenjpeg	tiny
/home/lilith/work/codec-eval/codec-corpus/CID22/CID22-512/training/2738653.png	zenjpeg	tiny
/home/lilith/work/codec-eval/codec-corpus/CID22/CID22-512/training/2866385.png	zenjpeg	small,tiny
/home/lilith/work/codec-eval/codec-corpus/CID22/CID22-512/training/3004909.png	zenjpeg	tiny
/home/lilith/work/codec-eval/codec-corpus/CID22/CID22-512/training/3044702.png	zenjpeg	tiny
/home/lilith/work/codec-eval/codec-corpus/CID22/CID22-512/training/3214023.png	zenjpeg	large,medium,tiny
/home/lilith/work/codec-eval/codec-corpus/CID22/CID22-512/training/3311574.png	zenjpeg	medium,tiny
/home/lilith/work/codec-eval/codec-corpus/CID22/CID22-512/training/3315291.png	zenjpeg	tiny
/home/lilith/work/codec-eval/codec-corpus/CID22/CID22-512/training/3330118.png	zenjpeg	tiny
/home/lilith/work/codec-eval/codec-corpus/CID22/CID22-512/training/3363331.png	zenjpeg	tiny
/home/lilith/work/codec-eval/codec-corpus/CID22/CID22-512/training/3396657.png	zenjpeg	tiny
/home/lilith/work/codec-eval/codec-corpus/CID22/CID22-512/training/3493730.png	zenjpeg	tiny
/home/lilith/work/codec-eval/codec-corpus/CID22/CID22-512/training/3534924.png	zenjpeg	small
/home/lilith/work/codec-eval/codec-corpus/CID22/CID22-512/training/3571065.png	zenjpeg	large,medium,small,tiny
/home/lilith/work/codec-eval/codec-corpus/CID22/CID22-512/training/3616956.png	zenjpeg	tiny
/home/lilith/work/codec-eval/codec-corpus/CID22/CID22-512/training/3623285.png	zenjpeg	large,tiny
/home/lilith/work/codec-eval/codec-corpus/CID22/CID22-512/training/3705529.png	zenjpeg	tiny
/home/lilith/work/codec-eval/codec-corpus/CID22/CID22-512/training/3779187.png	zenjpeg	small,tiny
/home/lilith/work/codec-eval/codec-corpus/CID22/CID22-512/training/3779828.png	zenjpeg	large,medium,tiny
/home/lilith/work/codec-eval/codec-corpus/CID22/CID22-512/training/3794859.png	zenjpeg	small,tiny
/home/lilith/work/codec-eval/codec-corpus/CID22/CID22-512/training/3836671.png	zenjpeg	tiny
/home/lilith/work/codec-eval/codec-corpus/CID22/CID22-512/training/3952034.png	zenjpeg	tiny
/home/lilith/work/codec-eval/codec-corpus/CID22/CID22-512/training/3DPieChart.png	zenjpeg	large,medium
/home/lilith/work/codec-eval/codec-corpus/CID22/CID22-512/training/4099238.png	zenjpeg	tiny
/home/lilith/work/codec-eval/codec-corpus/CID22/CID22-512/training/45258.png	zenjpeg	tiny
/home/lilith/work/codec-eval/codec-corpus/CID22/CID22-512/training/4666751.png	zenjpeg	tiny
/home/lilith/work/codec-eval/codec-corpus/CID22/CID22-512/training/4843579.png	zenjpeg	tiny
/home/lilith/work/codec-eval/codec-corpus/CID22/CID22-512/training/5097354.png	zenjpeg	tiny
/home/lilith/work/codec-eval/codec-corpus/CID22/CID22-512/training/5146462.png	zenjpeg	tiny
/home/lilith/work/codec-eval/codec-corpus/CID22/CID22-512/training/5212582.png	zenjpeg	tiny
/home/lilith/work/codec-eval/codec-corpus/CID22/CID22-512/training/53435.png	zenjpeg	large,medium
/home/lilith/work/codec-eval/codec-corpus/CID22/CID22-512/training/5398956.png	zenjpeg	tiny
/home/lilith/work/codec-eval/codec-corpus/CID22/CID22-512/training/551991.png	zenjpeg	tiny
/home/lilith/work/codec-eval/codec-corpus/CID22/CID22-512/training/5617414.png	zenjpeg	tiny
/home/lilith/work/codec-eval/codec-corpus/CID22/CID22-512/training/5739122.png	zenjpeg	tiny
/home/lilith/work/codec-eval/codec-corpus/CID22/CID22-512/training/5894435.png	zenjpeg	large,tiny
/home/lilith/work/codec-eval/codec-corpus/CID22/CID22-512/training/60003.png	zenjpeg	tiny
/home/lilith/work/codec-eval/codec-corpus/CID22/CID22-512/training/631292.png	zenjpeg	large,medium,tiny
/home/lilith/work/codec-eval/codec-corpus/CID22/CID22-512/training/64271.png	zenjpeg	tiny
/home/lilith/work/codec-eval/codec-corpus/CID22/CID22-512/training/670530.png	zenjpeg	tiny
/home/lilith/work/codec-eval/codec-corpus/CID22/CID22-512/training/675951.png	zenjpeg	tiny
/home/lilith/work/codec-eval/codec-corpus/CID22/CID22-512/training/6763758.png	zenjpeg	tiny
/home/lilith/work/codec-eval/codec-corpus/CID22/CID22-512/training/7062177.png	zenjpeg	tiny
/home/lilith/work/codec-eval/codec-corpus/CID22/CID22-512/training/7062227.png	zenjpeg	tiny
/home/lilith/work/codec-eval/codec-corpus/CID22/CID22-512/training/7218572.png	zenjpeg	tiny
/home/lilith/work/codec-eval/codec-corpus/CID22/CID22-512/training/7233401.png	zenjpeg	tiny
/home/lilith/work/codec-eval/codec-corpus/CID22/CID22-512/training/7256805.png	zenjpeg	tiny
/home/lilith/work/codec-eval/codec-corpus/CID22/CID22-512/training/7280783.png	zenjpeg	large,tiny
/home/lilith/work/codec-eval/codec-corpus/CID22/CID22-512/training/7394483.png	zenjpeg	tiny
/home/lilith/work/codec-eval/codec-corpus/CID22/CID22-512/training/8442861.png	zenjpeg	tiny
/home/lilith/work/codec-eval/codec-corpus/CID22/CID22-512/training/861443.png	zenjpeg	large,medium,tiny
/home/lilith/work/codec-eval/codec-corpus/CID22/CID22-512/training/962312.png	zenjpeg	large,medium,small,tiny
/home/lilith/work/codec-eval/codec-corpus/CID22/CID22-512/training/Abstract-Art-1.png	zenjpeg	medium,tiny
/home/lilith/work/codec-eval/codec-corpus/CID22/CID22-512/training/AgilityCourseElements.png	zenjpeg	large,medium,tiny
/home/lilith/work/codec-eval/codec-corpus/CID22/CID22-512/training/Beam-Space-Processing.png	zenjpeg	large,medium,small,tiny
/home/lilith/work/codec-eval/codec-corpus/CID22/CID22-512/training/Boxplot.png	zenjpeg	tiny
/home/lilith/work/codec-eval/codec-corpus/CID22/CID22-512/training/EPICA Delta D Plot.png	zenjpeg	large,medium,small,tiny
/home/lilith/work/codec-eval/codec-corpus/CID22/CID22-512/training/Lungs-Cross-Section-Illustration.png	zenjpeg	tiny
/home/lilith/work/codec-eval/codec-corpus/CID22/CID22-512/training/No-interference.png	zenjpeg	large,medium,small,tiny
/home/lilith/work/codec-eval/codec-corpus/CID22/CID22-512/training/Performance-Graph.png	zenjpeg	large,medium,small,tiny
/home/lilith/work/codec-eval/codec-corpus/CID22/CID22-512/training/StockQuoteGraph-20120521.png	zenjpeg	large,medium,small,tiny
/home/lilith/work/codec-eval/codec-corpus/CID22/CID22-512/training/Temperament-pie-chart-according-to-Eysenck.png	zenjpeg	large,medium
/home/lilith/work/codec-eval/codec-corpus/CID22/CID22-512/training/Verkehrstote Deutschland 1953-2012.png	zenjpeg	small,tiny
/home/lilith/work/codec-eval/codec-corpus/CID22/CID22-512/training/adriankierman-report-page.png	zenjpeg	large,medium,tiny
/home/lilith/work/codec-eval/codec-corpus/CID22/CID22-512/training/akfcrc022.png	zenjpeg	large,medium,small,tiny
/home/lilith/work/codec-eval/codec-corpus/CID22/CID22-512/training/klepas-Gentle-giants-of-the-sea-3.png	zenjpeg	large,medium,tiny
/home/lilith/work/codec-eval/codec-corpus/CID22/CID22-512/training/newplot (1).png	zenjpeg	large,medium,small,tiny
/home/lilith/work/codec-eval/codec-corpus/CID22/CID22-512/training/newplot.png	zenjpeg	large,medium,small,tiny
/home/lilith/work/codec-eval/codec-corpus/CID22/CID22-512/training/nicubunu_Game_baddie_Policeman.png	zenjpeg	large,medium,small,tiny
/home/lilith/work/codec-eval/codec-corpus/CID22/CID22-512/training/pexels-photo-1029599.png	zenjpeg	large,medium,tiny
/home/lilith/work/codec-eval/codec-corpus/CID22/CID22-512/training/pexels-photo-1130297.png	zenjpeg	tiny
/home/lilith/work/codec-eval/codec-corpus/CID22/CID22-512/training/pexels-photo-1933873.png	zenjpeg	tiny
/home/lilith/work/codec-eval/codec-corpus/CID22/CID22-512/training/pexels-photo-2598024.png	zenjpeg	tiny
/home/lilith/work/codec-eval/codec-corpus/CID22/CID22-512/training/pexels-photo-2686358.png	zenjpeg	tiny
/home/lilith/work/codec-eval/codec-corpus/CID22/CID22-512/training/pexels-photo-2802032.png	zenjpeg	tiny
/home/lilith/work/codec-eval/codec-corpus/CID22/CID22-512/training/pexels-photo-2811087.png	zenjpeg	tiny
/home/lilith/work/codec-eval/codec-corpus/CID22/CID22-512/training/pexels-photo-2908983.png	zenjpeg	tiny
/home/lilith/work/codec-eval/codec-corpus/CID22/CID22-512/training/pexels-photo-3155588.png	zenjpeg	tiny
/home/lilith/work/codec-eval/codec-corpus/CID22/CID22-512/training/pexels-photo-3214683.png	zenjpeg	tiny
/home/lilith/work/codec-eval/codec-corpus/CID22/CID22-512/training/pexels-photo-3289880.png	zenjpeg	tiny
/home/lilith/work/codec-eval/codec-corpus/CID22/CID22-512/training/pexels-photo-3568544.png	zenjpeg	tiny
/home/lilith/work/codec-eval/codec-corpus/CID22/CID22-512/training/pexels-photo-3680501.png	zenjpeg	tiny
/home/lilith/work/codec-eval/codec-corpus/CID22/CID22-512/training/pexels-photo-4177747.png	zenjpeg	tiny
/home/lilith/work/codec-eval/codec-corpus/CID22/CID22-512/training/pexels-photo-4210863.png	zenjpeg	tiny
/home/lilith/work/codec-eval/codec-corpus/CID22/CID22-512/training/pexels-photo-4352249.png	zenjpeg	large,medium,small,tiny
/home/lilith/work/codec-eval/codec-corpus/CID22/CID22-512/training/pexels-photo-4354221.png	zenjpeg	tiny
/home/lilith/work/codec-eval/codec-corpus/CID22/CID22-512/training/pexels-photo-4405455.png	zenjpeg	tiny
/home/lilith/work/codec-eval/codec-corpus/CID22/CID22-512/training/pexels-photo-4577831.png	zenjpeg	tiny
/home/lilith/work/codec-eval/codec-corpus/CID22/CID22-512/training/pexels-photo-6096399.png	zenjpeg	tiny
/home/lilith/work/codec-eval/codec-corpus/CID22/CID22-512/training/pexels-photo-635405.png	zenjpeg	tiny
/home/lilith/work/codec-eval/codec-corpus/CID22/CID22-512/training/pexels-photo-6926600.png	zenjpeg	large,medium,small,tiny
/home/lilith/work/codec-eval/codec-corpus/CID22/CID22-512/training/pexels-photo-7078290.png	zenjpeg	large,medium,small,tiny
/home/lilith/work/codec-eval/codec-corpus/CID22/CID22-512/training/pexels-photo-7078476.png	zenjpeg	tiny
/home/lilith/work/codec-eval/codec-corpus/CID22/CID22-512/training/pexels-photo-7266811.png	zenjpeg	tiny
/home/lilith/work/codec-eval/codec-corpus/CID22/CID22-512/training/pexels-photo-951408.png	zenjpeg	tiny
/home/lilith/work/codec-eval/codec-corpus/CID22/CID22-512/validation/1025469.png	zenjpeg	tiny
/home/lilith/work/codec-eval/codec-corpus/CID22/CID22-512/validation/1044329.png	zenjpeg	large,medium,tiny
/home/lilith/work/codec-eval/codec-corpus/CID22/CID22-512/validation/1279330.png	zenjpeg	large,tiny
/home/lilith/work/codec-eval/codec-corpus/CID22/CID22-512/validation/1420710.png	zenjpeg	small,tiny
/home/lilith/work/codec-eval/codec-corpus/CID22/CID22-512/validation/1475938.png	zenjpeg	tiny
/home/lilith/work/codec-eval/codec-corpus/CID22/CID22-512/validation/1531677.png	zenjpeg	medium,tiny
/home/lilith/work/codec-eval/codec-corpus/CID22/CID22-512/validation/1544947.png	zenjpeg	tiny
/home/lilith/work/codec-eval/codec-corpus/CID22/CID22-512/validation/162520.png	zenjpeg	tiny
/home/lilith/work/codec-eval/codec-corpus/CID22/CID22-512/validation/164595.png	zenjpeg	large,medium,tiny
/home/lilith/work/codec-eval/codec-corpus/CID22/CID22-512/validation/2079234.png	zenjpeg	large,medium,tiny
/home/lilith/work/codec-eval/codec-corpus/CID22/CID22-512/validation/2190188.png	zenjpeg	tiny
/home/lilith/work/codec-eval/codec-corpus/CID22/CID22-512/validation/2253934.png	zenjpeg	large,tiny
/home/lilith/work/codec-eval/codec-corpus/CID22/CID22-512/validation/2389166.png	zenjpeg	tiny
/home/lilith/work/codec-eval/codec-corpus/CID22/CID22-512/validation/2670327.png	zenjpeg	tiny
/home/lilith/work/codec-eval/codec-corpus/CID22/CID22-512/validation/2736139.png	zenjpeg	tiny
/home/lilith/work/codec-eval/codec-corpus/CID22/CID22-512/validation/2775196.png	zenjpeg	tiny
/home/lilith/work/codec-eval/codec-corpus/CID22/CID22-512/validation/2887497.png	zenjpeg	large,medium,small,tiny
/home/lilith/work/codec-eval/codec-corpus/CID22/CID22-512/validation/2936831.png	zenjpeg	tiny
/home/lilith/work/codec-eval/codec-corpus/CID22/CID22-512/validation/297394.png	zenjpeg	tiny
/home/lilith/work/codec-eval/codec-corpus/CID22/CID22-512/validation/3156482.png	zenjpeg	large,medium
/home/lilith/work/codec-eval/codec-corpus/CID22/CID22-512/validation/3316926.png	zenjpeg	tiny
/home/lilith/work/codec-eval/codec-corpus/CID22/CID22-512/validation/3637739.png	zenjpeg	large,medium,tiny
/home/lilith/work/codec-eval/codec-corpus/CID22/CID22-512/validation/373965.png	zenjpeg	large,medium,small,tiny
/home/lilith/work/codec-eval/codec-corpus/CID22/CID22-512/validation/3762075.png	zenjpeg	large,medium
/home/lilith/work/codec-eval/codec-corpus/CID22/CID22-512/validation/382297.png	zenjpeg	tiny
/home/lilith/work/codec-eval/codec-corpus/CID22/CID22-512/validation/5055743.png	zenjpeg	tiny
/home/lilith/work/codec-eval/codec-corpus/CID22/CID22-512/validation/5458393.png	zenjpeg	small,tiny
/home/lilith/work/codec-eval/codec-corpus/CID22/CID22-512/validation/6078297.png	zenjpeg	small,tiny
/home/lilith/work/codec-eval/codec-corpus/CID22/CID22-512/validation/70497.png	zenjpeg	small,tiny
/home/lilith/work/codec-eval/codec-corpus/CID22/CID22-512/validation/7062219.png	zenjpeg	tiny
/home/lilith/work/codec-eval/codec-corpus/CID22/CID22-512/validation/7552578.png	zenjpeg	tiny
/home/lilith/work/codec-eval/codec-corpus/CID22/CID22-512/validation/792079.png	zenjpeg	tiny
/home/lilith/work/codec-eval/codec-corpus/clic2025/final-test/02809272b4ca9b08af45771501b741296187c7e26907efb44abbbfcb6cd804f7.png	zenjpeg	tiny
/home/lilith/work/codec-eval/codec-corpus/clic2025/final-test/07b9f93f170a0381836bdf301280a5b80b2c4be6e66f793a3c335dc200fb4e5b.png	zenjpeg	small
/home/lilith/work/codec-eval/codec-corpus/clic2025/final-test/0d154749c7771f58e89ad343653ec4e20d6f037da829f47f5598e5d0a4ab61f0.png	zenjpeg	tiny
/home/lilith/work/codec-eval/codec-corpus/clic2025/final-test/1b4ad095795ac552b38a21d51be7bfaee8e7d0a70619d84767814321df4ed062.png	zenjpeg	tiny
/home/lilith/work/codec-eval/codec-corpus/clic2025/final-test/1cba10ad9bb4ced57e42f7656c5f2a58d32dc6bad084957d2f8d1c78e0fcd224.png	zenjpeg	tiny
/home/lilith/work/codec-eval/codec-corpus/clic2025/final-test/2397c73f8feeb8f630fe055da5551c671794afae80528e8612dc62fc0cf61294.png	zenjpeg	small,tiny
/home/lilith/work/codec-eval/codec-corpus/clic2025/final-test/2684452db505ddbbb53f42a3f3bcfe86fdd0d6d8d98c029db4b4c6fc1f55b750.png	zenjpeg	tiny
/home/lilith/work/codec-eval/codec-corpus/clic2025/final-test/2a760bf1ccea6998be3890dcc2371b23f35fe3006562884b45bc534a621d5c12.png	zenjpeg	tiny
/home/lilith/work/codec-eval/codec-corpus/clic2025/final-test/4ebc0e6c463bcf8ada38673c268aae56d44864347fd74b81a9fb5659bf96a010.png	zenjpeg	medium,tiny
/home/lilith/work/codec-eval/codec-corpus/clic2025/final-test/50d13125b665e0c4c1673264807bfc3cc7a217819329696843fea4c69aff8b91.png	zenjpeg	tiny
/home/lilith/work/codec-eval/codec-corpus/clic2025/final-test/50fe4c3d47d864858e1aaa60fecef5c453b4e18d2b368718eeb5c1e249e0c902.png	zenjpeg	tiny
/home/lilith/work/codec-eval/codec-corpus/clic2025/final-test/581048154e3c4b579c79155742dcf643c18b9bb47782aca7f0768eff185bc32e.png	zenjpeg	large,medium,tiny
/home/lilith/work/codec-eval/codec-corpus/clic2025/final-test/608cb09e6ffc66d4bc838d4088bf4c0ab889d7e83d4f5d78805cbc4497e432a1.png	zenjpeg	tiny
/home/lilith/work/codec-eval/codec-corpus/clic2025/final-test/79b1bb29124f590c2e99e6c71c18affe25115d594a821cadc58bf24bf94dae8d.png	zenjpeg	small,tiny
/home/lilith/work/codec-eval/codec-corpus/clic2025/final-test/8426ed2245c791232862b0a0b2a62a1f17031e8e6e38921fe939df0b3a05ac41.png	zenjpeg	tiny
/home/lilith/work/codec-eval/codec-corpus/clic2025/final-test/86127fbdb368eb28c3039cf61aff1c4cfdc4ade24070c8f2389968d5ead681e1.png	zenjpeg	large,small,tiny
/home/lilith/work/codec-eval/codec-corpus/clic2025/final-test/937476dd72f98638f34299dda5e9c252621b5e809c364692fc2934e000583286.png	zenjpeg	large,medium,small,tiny
/home/lilith/work/codec-eval/codec-corpus/clic2025/final-test/a2a946cc516f9eec0f141da3c31a96df94fe342c651af46f0d38f6c04400323a.png	zenjpeg	tiny
/home/lilith/work/codec-eval/codec-corpus/clic2025/final-test/a365e6541bab5c0f4e01bf43a0c3a655d88292a8ac45403a889c308d11854555.png	zenjpeg	tiny
/home/lilith/work/codec-eval/codec-corpus/clic2025/final-test/b0b3744cc6b5ad6426b1ac02909b4389ea7fc4140d72a888ccdfb21f573a6db4.png	zenjpeg	large,medium,tiny
/home/lilith/work/codec-eval/codec-corpus/clic2025/final-test/bb7344a2ba499b2d48b891abee1b903dc17d265437ac57028b5999b6cd5bcdc4.png	zenjpeg	small,tiny
/home/lilith/work/codec-eval/codec-corpus/clic2025/final-test/c9510efb03d1852c29ecad84cc0558768728681a3b9b04eae0dbbd9be142dd95.png	zenjpeg	tiny
/home/lilith/work/codec-eval/codec-corpus/clic2025/final-test/d0208a1e9b4fde642b9752da2907d82d5b530a6e2e6e18ef71d5524a92d1cf9a.png	zenjpeg	tiny
/home/lilith/work/codec-eval/codec-corpus/clic2025/final-test/da52c4f66dc00c2f381e8475fbf8a7aa2c5433a9c59cc175646c62e02892faf7.png	zenjpeg	small,tiny
/home/lilith/work/codec-eval/codec-corpus/clic2025/final-test/e0d8e29cadfc99663c7d1a4a5afe20c454ec54d0d873776ec397c59405c74790.png	zenjpeg	tiny
/home/lilith/work/codec-eval/codec-corpus/clic2025/final-test/ebfd571f1c6824316047a29cb5f376eec15f56dd51821119c1842be068a8b950.png	zenjpeg	medium,small,tiny
/home/lilith/work/codec-eval/codec-corpus/clic2025/final-test/eda6d42794b0d0140628fa90fc0c14a7ba88159b8474d0077027c32ee2ddf6f0.png	zenjpeg	medium
/home/lilith/work/codec-eval/codec-corpus/clic2025/final-test/f67f11de4ca9ebda3db52c41fd3d26c3105687b2d37571e54631a1e4486d0b30.png	zenjpeg	tiny
/home/lilith/work/codec-eval/codec-corpus/clic2025/final-test/ff32adfa29d4b5de26293352f53cc983d12d3ededd71fe65ca0ef0d887be65c4.png	zenjpeg	large
/home/lilith/work/codec-eval/codec-corpus/clic2025/training/097cb426910ba8ce2525dd8bb7fb1777.png	zenjpeg	tiny
/home/lilith/work/codec-eval/codec-corpus/clic2025/training/0c49a5cce349020bbba2f97ae41e90ba.png	zenjpeg	large,medium
/home/lilith/work/codec-eval/codec-corpus/clic2025/training/100a02c269c5948392f283b2aa3bb4da.png	zenjpeg	tiny
/home/lilith/work/codec-eval/codec-corpus/clic2025/training/100f17892cf7bb12beb12479641fcc4c.png	zenjpeg	small,tiny
/home/lilith/work/codec-eval/codec-corpus/clic2025/training/11f2b039b293758398b1a7a8afa64bb2.png	zenjpeg	tiny
/home/lilith/work/codec-eval/codec-corpus/clic2025/training/14ab4af28901fbeb1356b06d2d08ae06.png	zenjpeg	tiny
/home/lilith/work/codec-eval/codec-corpus/clic2025/training/1e2f9d41529197f10d32bfa68a1e0bcc.png	zenjpeg	large,medium,small,tiny
/home/lilith/work/codec-eval/codec-corpus/clic2025/training/22ea12c903e41583b7c469cb86040157.png	zenjpeg	small
/home/lilith/work/codec-eval/codec-corpus/clic2025/training/2a2420f929cd47122eae364a2bc27710.png	zenjpeg	tiny
/home/lilith/work/codec-eval/codec-corpus/clic2025/training/2c1f84548ef99faec2b4f9bf12227c83.png	zenjpeg	small,tiny
/home/lilith/work/codec-eval/codec-corpus/clic2025/training/3140d643a1f57e80ff265507984d95a0.png	zenjpeg	tiny
/home/lilith/work/codec-eval/codec-corpus/clic2025/training/4a18abf66d65ad1a95ce455c8b6cd8de.png	zenjpeg	large,medium,tiny
/home/lilith/work/codec-eval/codec-corpus/clic2025/training/4cd6910a0b7b39365fda5df87618d091.png	zenjpeg	large,medium,small,tiny
/home/lilith/work/codec-eval/codec-corpus/clic2025/training/5dbdb989cf026f7ab3dd7167d7fc0fe2.png	zenjpeg	tiny
/home/lilith/work/codec-eval/codec-corpus/clic2025/training/5e5ce43575fa67fdc0dd37146d7f479e.png	zenjpeg	small,tiny
/home/lilith/work/codec-eval/codec-corpus/clic2025/training/7e499613c3e376ea93afb3649719abeb.png	zenjpeg	small,tiny
/home/lilith/work/codec-eval/codec-corpus/clic2025/training/870516c65d81fb9267de6865964083a9.png	zenjpeg	tiny
/home/lilith/work/codec-eval/codec-corpus/clic2025/training/8bb119b8ca17492392e1e3ea4b811b32.png	zenjpeg	small,tiny
/home/lilith/work/codec-eval/codec-corpus/clic2025/training/9466a908d088d32ee73f04116c40e48c.png	zenjpeg	tiny
/home/lilith/work/codec-eval/codec-corpus/clic2025/training/a36713f1943dac6bc74dea50cadaee6f.png	zenjpeg	large
/home/lilith/work/codec-eval/codec-corpus/clic2025/training/aed95e005df28e790519eefb6eb1e565.png	zenjpeg	tiny
/home/lilith/work/codec-eval/codec-corpus/clic2025/training/afe3676bbfcf7183d697ff7b5d5bd45b.png	zenjpeg	tiny
/home/lilith/work/codec-eval/codec-corpus/clic2025/training/b51d5fb537246482ef7a7ab63f093cab.png	zenjpeg	tiny
/home/lilith/work/codec-eval/codec-corpus/clic2025/training/b939ac34faa94b5d0e753d570edc7048.png	zenjpeg	tiny
/home/lilith/work/codec-eval/codec-corpus/clic2025/training/c80999cd5533e448167cd9b3ccfa2a37.png	zenjpeg	large,small,tiny
/home/lilith/work/codec-eval/codec-corpus/clic2025/training/d1a9be98d1936065967adac50a6fb750.png	zenjpeg	medium,tiny
/home/lilith/work/codec-eval/codec-corpus/clic2025/training/d79d465ac77c36518e0f0d626bf97ec4.png	zenjpeg	large,small,tiny
/home/lilith/work/codec-eval/codec-corpus/clic2025/training/ddcd24d99f48eaa369207882a6f37831.png	zenjpeg	tiny
/home/lilith/work/codec-eval/codec-corpus/clic2025/training/ef576c4ed599d75d72145a8f34b58ccb.png	zenjpeg	small,tiny
/home/lilith/work/codec-eval/codec-corpus/gb82-sc/codec_wiki.png	zenjpeg	small,tiny
/home/lilith/work/codec-eval/codec-corpus/gb82-sc/gmessages.png	zenjpeg	large,medium,small,tiny
/home/lilith/work/codec-eval/codec-corpus/gb82-sc/graph.png	zenjpeg	large,medium,small,tiny
/home/lilith/work/codec-eval/codec-corpus/gb82-sc/gui.png	zenjpeg	large,small,tiny
/home/lilith/work/codec-eval/codec-corpus/gb82-sc/imac_dark.png	zenjpeg	large,small,tiny
/home/lilith/work/codec-eval/codec-corpus/gb82-sc/imac_g3.png	zenjpeg	medium,small,tiny
/home/lilith/work/codec-eval/codec-corpus/gb82-sc/imessage.png	zenjpeg	large,medium,tiny
/home/lilith/work/codec-eval/codec-corpus/gb82-sc/terminal.png	zenjpeg	large,medium,small,tiny
/home/lilith/work/codec-eval/codec-corpus/gb82-sc/windows.png	zenjpeg	large,small,tiny
/home/lilith/work/codec-eval/codec-corpus/gb82-sc/windows95.png	zenjpeg	large,medium,tiny
/home/lilith/work/codec-eval/codec-corpus/gb82/baby-lossless.png	zenjpeg	tiny
/home/lilith/work/codec-eval/codec-corpus/gb82/bulb-lossless.png	zenjpeg	small,tiny
/home/lilith/work/codec-eval/codec-corpus/gb82/city-lossless.png	zenjpeg	tiny
/home/lilith/work/codec-eval/codec-corpus/gb82/flowers-lossless.png	zenjpeg	large,medium,tiny
/home/lilith/work/codec-eval/codec-corpus/gb82/grass-lossless.png	zenjpeg	tiny
/home/lilith/work/codec-eval/codec-corpus/gb82/guitar-lossless.png	zenjpeg	large,medium,small,tiny
/home/lilith/work/codec-eval/codec-corpus/gb82/haze-lossless.png	zenjpeg	tiny
/home/lilith/work/codec-eval/codec-corpus/gb82/mc1-lossless.png	zenjpeg	tiny
/home/lilith/work/codec-eval/codec-corpus/gb82/mc2-lossless.png	zenjpeg	tiny
/home/lilith/work/codec-eval/codec-corpus/gb82/mc3-lossless.png	zenjpeg	large,medium,tiny
/home/lilith/work/codec-eval/codec-corpus/gb82/mies-lossless.png	zenjpeg	large,medium,tiny
/home/lilith/work/codec-eval/codec-corpus/gb82/night-lossless.png	zenjpeg	large,medium,small,tiny
/home/lilith/work/codec-eval/codec-corpus/gb82/nyc-lossless.png	zenjpeg	tiny
/home/lilith/work/codec-eval/codec-corpus/gb82/path-lossless.png	zenjpeg	tiny
/home/lilith/work/codec-eval/codec-corpus/gb82/pixel-lossless.png	zenjpeg	tiny
/home/lilith/work/codec-eval/codec-corpus/gb82/prudential-lossless.png	zenjpeg	tiny
/home/lilith/work/codec-eval/codec-corpus/gb82/rain-lossless.png	zenjpeg	large,medium,tiny
/home/lilith/work/codec-eval/codec-corpus/gb82/reflect-lossless.png	zenjpeg	tiny
/home/lilith/work/codec-eval/codec-corpus/gb82/sand-lossless.png	zenjpeg	large,medium,tiny
/home/lilith/work/codec-eval/codec-corpus/gb82/sumac-lossless.png	zenjpeg	tiny
/home/lilith/work/codec-eval/codec-corpus/gb82/sunset-lossless.png	zenjpeg	tiny
/home/lilith/work/codec-eval/codec-corpus/gb82/waves-lossless.png	zenjpeg	large,medium,tiny
/mnt/v/output/zenwebp/picker-corpus-size-dense/1129482__sz128.png	zenwebp,zenwebp_v01	small
/mnt/v/output/zenwebp/picker-corpus-size-dense/1129482__sz160.png	zenwebp	small
/mnt/v/output/zenwebp/picker-corpus-size-dense/1129482__sz192.png	zenwebp	small
/mnt/v/output/zenwebp/picker-corpus-size-dense/1129482__sz256.png	zenwebp,zenwebp_v01	medium
/mnt/v/output/zenwebp/picker-corpus-size-dense/1129482__sz32.png	zenwebp,zenwebp_v01	tiny
/mnt/v/output/zenwebp/picker-corpus-size-dense/1129482__sz320.png	zenwebp	medium
/mnt/v/output/zenwebp/picker-corpus-size-dense/1129482__sz384.png	zenwebp	medium
/mnt/v/output/zenwebp/picker-corpus-size-dense/1129482__sz40.png	zenwebp,zenwebp_v01	tiny
/mnt/v/output/zenwebp/picker-corpus-size-dense/1129482__sz48.png	zenwebp,zenwebp_v01	tiny
/mnt/v/output/zenwebp/picker-corpus-size-dense/1129482__sz64.png	zenwebp_v01	small
/mnt/v/output/zenwebp/picker-corpus-size-dense/1129482__sz80.png	zenwebp,zenwebp_v01	small
/mnt/v/output/zenwebp/picker-corpus-size-dense/1129482__sz96.png	zenwebp,zenwebp_v01	small
/mnt/v/output/zenwebp/picker-corpus-size-dense/1173777__sz128.png	zenwebp,zenwebp_v01	small
/mnt/v/output/zenwebp/picker-corpus-size-dense/1173777__sz160.png	zenwebp,zenwebp_v01	small
/mnt/v/output/zenwebp/picker-corpus-size-dense/1173777__sz192.png	zenwebp,zenwebp_v01	small
/mnt/v/output/zenwebp/picker-corpus-size-dense/1173777__sz256.png	zenwebp,zenwebp_v01	medium
/mnt/v/output/zenwebp/picker-corpus-size-dense/1173777__sz32.png	zenwebp,zenwebp_v01	tiny
/mnt/v/output/zenwebp/picker-corpus-size-dense/1173777__sz320.png	zenwebp,zenwebp_v01	medium
/mnt/v/output/zenwebp/picker-corpus-size-dense/1173777__sz384.png	zenwebp	medium
/mnt/v/output/zenwebp/picker-corpus-size-dense/1173777__sz40.png	zenwebp,zenwebp_v01	tiny
/mnt/v/output/zenwebp/picker-corpus-size-dense/1173777__sz48.png	zenwebp,zenwebp_v01	tiny
/mnt/v/output/zenwebp/picker-corpus-size-dense/1173777__sz64.png	zenwebp,zenwebp_v01	small
/mnt/v/output/zenwebp/picker-corpus-size-dense/1173777__sz80.png	zenwebp,zenwebp_v01	small
/mnt/v/output/zenwebp/picker-corpus-size-dense/1173777__sz96.png	zenwebp,zenwebp_v01	small
/mnt/v/output/zenwebp/picker-corpus-size-dense/1624307__sz128.png	zenwebp	small
/mnt/v/output/zenwebp/picker-corpus-size-dense/1624307__sz160.png	zenwebp,zenwebp_v01	small
/mnt/v/output/zenwebp/picker-corpus-size-dense/1624307__sz192.png	zenwebp	small
/mnt/v/output/zenwebp/picker-corpus-size-dense/1624307__sz32.png	zenwebp,zenwebp_v01	tiny
/mnt/v/output/zenwebp/picker-corpus-size-dense/1624307__sz320.png	zenwebp	medium
/mnt/v/output/zenwebp/picker-corpus-size-dense/1624307__sz384.png	zenwebp	medium
/mnt/v/output/zenwebp/picker-corpus-size-dense/1624307__sz40.png	zenwebp,zenwebp_v01	tiny
/mnt/v/output/zenwebp/picker-corpus-size-dense/1624307__sz48.png	zenwebp,zenwebp_v01	tiny
/mnt/v/output/zenwebp/picker-corpus-size-dense/1624307__sz64.png	zenwebp,zenwebp_v01	small
/mnt/v/output/zenwebp/picker-corpus-size-dense/1624307__sz80.png	zenwebp,zenwebp_v01	small
/mnt/v/output/zenwebp/picker-corpus-size-dense/1624307__sz96.png	zenwebp,zenwebp_v01	small
/mnt/v/output/zenwebp/picker-corpus-size-dense/1943411__sz128.png	zenwebp,zenwebp_v01	small
/mnt/v/output/zenwebp/picker-corpus-size-dense/1943411__sz160.png	zenwebp,zenwebp_v01	small
/mnt/v/output/zenwebp/picker-corpus-size-dense/1943411__sz192.png	zenwebp,zenwebp_v01	small
/mnt/v/output/zenwebp/picker-corpus-size-dense/1943411__sz256.png	zenwebp	medium
/mnt/v/output/zenwebp/picker-corpus-size-dense/1943411__sz32.png	zenwebp,zenwebp_v01	tiny
/mnt/v/output/zenwebp/picker-corpus-size-dense/1943411__sz320.png	zenwebp	medium
/mnt/v/output/zenwebp/picker-corpus-size-dense/1943411__sz384.png	zenwebp	medium
/mnt/v/output/zenwebp/picker-corpus-size-dense/1943411__sz40.png	zenwebp,zenwebp_v01	tiny
/mnt/v/output/zenwebp/picker-corpus-size-dense/1943411__sz48.png	zenwebp	tiny
/mnt/v/output/zenwebp/picker-corpus-size-dense/1943411__sz64.png	zenwebp_v01	small
/mnt/v/output/zenwebp/picker-corpus-size-dense/1943411__sz80.png	zenwebp,zenwebp_v01	small
/mnt/v/output/zenwebp/picker-corpus-size-dense/1943411__sz96.png	zenwebp,zenwebp_v01	small
/mnt/v/output/zenwebp/picker-corpus-size-dense/1e2f9d41529197f10d32bfa68a1e0bcc__sz128.png	zenwebp,zenwebp_v01	small
/mnt/v/output/zenwebp/picker-corpus-size-dense/1e2f9d41529197f10d32bfa68a1e0bcc__sz1280.png	zenwebp,zenwebp_v01	large
/mnt/v/output/zenwebp/picker-corpus-size-dense/1e2f9d41529197f10d32bfa68a1e0bcc__sz1536.png	zenwebp	large
/mnt/v/output/zenwebp/picker-corpus-size-dense/1e2f9d41529197f10d32bfa68a1e0bcc__sz160.png	zenwebp,zenwebp_v01	small
/mnt/v/output/zenwebp/picker-corpus-size-dense/1e2f9d41529197f10d32bfa68a1e0bcc__sz192.png	zenwebp,zenwebp_v01	small
/mnt/v/output/zenwebp/picker-corpus-size-dense/1e2f9d41529197f10d32bfa68a1e0bcc__sz256.png	zenwebp,zenwebp_v01	small
/mnt/v/output/zenwebp/picker-corpus-size-dense/1e2f9d41529197f10d32bfa68a1e0bcc__sz32.png	zenwebp,zenwebp_v01	tiny
/mnt/v/output/zenwebp/picker-corpus-size-dense/1e2f9d41529197f10d32bfa68a1e0bcc__sz320.png	zenwebp,zenwebp_v01	medium
/mnt/v/output/zenwebp/picker-corpus-size-dense/1e2f9d41529197f10d32bfa68a1e0bcc__sz384.png	zenwebp,zenwebp_v01	medium
/mnt/v/output/zenwebp/picker-corpus-size-dense/1e2f9d41529197f10d32bfa68a1e0bcc__sz40.png	zenwebp,zenwebp_v01	tiny
/mnt/v/output/zenwebp/picker-corpus-size-dense/1e2f9d41529197f10d32bfa68a1e0bcc__sz48.png	zenwebp,zenwebp_v01	tiny
/mnt/v/output/zenwebp/picker-corpus-size-dense/1e2f9d41529197f10d32bfa68a1e0bcc__sz512.png	zenwebp,zenwebp_v01	medium
/mnt/v/output/zenwebp/picker-corpus-size-dense/1e2f9d41529197f10d32bfa68a1e0bcc__sz64.png	zenwebp,zenwebp_v01	tiny
/mnt/v/output/zenwebp/picker-corpus-size-dense/1e2f9d41529197f10d32bfa68a1e0bcc__sz640.png	zenwebp,zenwebp_v01	medium
/mnt/v/output/zenwebp/picker-corpus-size-dense/1e2f9d41529197f10d32bfa68a1e0bcc__sz768.png	zenwebp,zenwebp_v01	medium
/mnt/v/output/zenwebp/picker-corpus-size-dense/1e2f9d41529197f10d32bfa68a1e0bcc__sz80.png	zenwebp,zenwebp_v01	small
/mnt/v/output/zenwebp/picker-corpus-size-dense/1e2f9d41529197f10d32bfa68a1e0bcc__sz96.png	zenwebp,zenwebp_v01	small
/mnt/v/output/zenwebp/picker-corpus-size-dense/2062426__sz128.png	zenwebp,zenwebp_v01	small
/mnt/v/output/zenwebp/picker-corpus-size-dense/2062426__sz160.png	zenwebp,zenwebp_v01	small
/mnt/v/output/zenwebp/picker-corpus-size-dense/2062426__sz192.png	zenwebp,zenwebp_v01	small
/mnt/v/output/zenwebp/picker-corpus-size-dense/2062426__sz256.png	zenwebp,zenwebp_v01	medium
/mnt/v/output/zenwebp/picker-corpus-size-dense/2062426__sz32.png	zenwebp,zenwebp_v01	tiny
/mnt/v/output/zenwebp/picker-corpus-size-dense/2062426__sz320.png	zenwebp,zenwebp_v01	medium
/mnt/v/output/zenwebp/picker-corpus-size-dense/2062426__sz384.png	zenwebp,zenwebp_v01	medium
/mnt/v/output/zenwebp/picker-corpus-size-dense/2062426__sz40.png	zenwebp,zenwebp_v01	tiny
/mnt/v/output/zenwebp/picker-corpus-size-dense/2062426__sz48.png	zenwebp,zenwebp_v01	tiny
/mnt/v/output/zenwebp/picker-corpus-size-dense/2062426__sz64.png	zenwebp_v01	small
/mnt/v/output/zenwebp/picker-corpus-size-dense/2062426__sz80.png	zenwebp,zenwebp_v01	small
/mnt/v/output/zenwebp/picker-corpus-size-dense/2062426__sz96.png	zenwebp,zenwebp_v01	small
/mnt/v/output/zenwebp/picker-corpus-size-dense/22ea12c903e41583b7c469cb86040157__sz1024.png	zenwebp	medium
/mnt/v/output/zenwebp/picker-corpus-size-dense/22ea12c903e41583b7c469cb86040157__sz128.png	zenwebp	small
/mnt/v/output/zenwebp/picker-corpus-size-dense/22ea12c903e41583b7c469cb86040157__sz1280.png	zenwebp	large
/mnt/v/output/zenwebp/picker-corpus-size-dense/22ea12c903e41583b7c469cb86040157__sz1536.png	zenwebp	large
/mnt/v/output/zenwebp/picker-corpus-size-dense/22ea12c903e41583b7c469cb86040157__sz160.png	zenwebp	small
/mnt/v/output/zenwebp/picker-corpus-size-dense/22ea12c903e41583b7c469cb86040157__sz192.png	zenwebp,zenwebp_v01	small
/mnt/v/output/zenwebp/picker-corpus-size-dense/22ea12c903e41583b7c469cb86040157__sz256.png	zenwebp	small
/mnt/v/output/zenwebp/picker-corpus-size-dense/22ea12c903e41583b7c469cb86040157__sz32.png	zenwebp,zenwebp_v01	tiny
/mnt/v/output/zenwebp/picker-corpus-size-dense/22ea12c903e41583b7c469cb86040157__sz320.png	zenwebp	medium
/mnt/v/output/zenwebp/picker-corpus-size-dense/22ea12c903e41583b7c469cb86040157__sz384.png	zenwebp	medium
/mnt/v/output/zenwebp/picker-corpus-size-dense/22ea12c903e41583b7c469cb86040157__sz40.png	zenwebp,zenwebp_v01	tiny
/mnt/v/output/zenwebp/picker-corpus-size-dense/22ea12c903e41583b7c469cb86040157__sz48.png	zenwebp,zenwebp_v01	tiny
/mnt/v/output/zenwebp/picker-corpus-size-dense/22ea12c903e41583b7c469cb86040157__sz512.png	zenwebp	medium
/mnt/v/output/zenwebp/picker-corpus-size-dense/22ea12c903e41583b7c469cb86040157__sz64.png	zenwebp_v01	tiny
/mnt/v/output/zenwebp/picker-corpus-size-dense/22ea12c903e41583b7c469cb86040157__sz640.png	zenwebp	medium
/mnt/v/output/zenwebp/picker-corpus-size-dense/22ea12c903e41583b7c469cb86040157__sz768.png	zenwebp	medium
/mnt/v/output/zenwebp/picker-corpus-size-dense/22ea12c903e41583b7c469cb86040157__sz80.png	zenwebp,zenwebp_v01	small
/mnt/v/output/zenwebp/picker-corpus-size-dense/22ea12c903e41583b7c469cb86040157__sz96.png	zenwebp,zenwebp_v01	small
/mnt/v/output/zenwebp/picker-corpus-size-dense/26103251787_d8635e260d_o__sz128.png	zenwebp	small
/mnt/v/output/zenwebp/picker-corpus-size-dense/26103251787_d8635e260d_o__sz160.png	zenwebp	small
/mnt/v/output/zenwebp/picker-corpus-size-dense/26103251787_d8635e260d_o__sz192.png	zenwebp	small
/mnt/v/output/zenwebp/picker-corpus-size-dense/26103251787_d8635e260d_o__sz256.png	zenwebp,zenwebp_v01	medium
/mnt/v/output/zenwebp/picker-corpus-size-dense/26103251787_d8635e260d_o__sz32.png	zenwebp,zenwebp_v01	tiny
/mnt/v/output/zenwebp/picker-corpus-size-dense/26103251787_d8635e260d_o__sz320.png	zenwebp,zenwebp_v01	medium
/mnt/v/output/zenwebp/picker-corpus-size-dense/26103251787_d8635e260d_o__sz384.png	zenwebp,zenwebp_v01	medium
/mnt/v/output/zenwebp/picker-corpus-size-dense/26103251787_d8635e260d_o__sz40.png	zenwebp,zenwebp_v01	tiny
/mnt/v/output/zenwebp/picker-corpus-size-dense/26103251787_d8635e260d_o__sz48.png	zenwebp,zenwebp_v01	tiny
/mnt/v/output/zenwebp/picker-corpus-size-dense/26103251787_d8635e260d_o__sz64.png	zenwebp,zenwebp_v01	small
/mnt/v/output/zenwebp/picker-corpus-size-dense/26103251787_d8635e260d_o__sz80.png	zenwebp,zenwebp_v01	small
/mnt/v/output/zenwebp/picker-corpus-size-dense/26103251787_d8635e260d_o__sz96.png	zenwebp,zenwebp_v01	small
/mnt/v/output/zenwebp/picker-corpus-size-dense/2693212__sz128.png	zenwebp,zenwebp_v01	small
/mnt/v/output/zenwebp/picker-corpus-size-dense/2693212__sz160.png	zenwebp	small
/mnt/v/output/zenwebp/picker-corpus-size-dense/2693212__sz192.png	zenwebp	small
/mnt/v/output/zenwebp/picker-corpus-size-dense/2693212__sz256.png	zenwebp,zenwebp_v01	medium
/mnt/v/output/zenwebp/picker-corpus-size-dense/2693212__sz32.png	zenwebp,zenwebp_v01	tiny
/mnt/v/output/zenwebp/picker-corpus-size-dense/2693212__sz320.png	zenwebp	medium
/mnt/v/output/zenwebp/picker-corpus-size-dense/2693212__sz384.png	zenwebp	medium
/mnt/v/output/zenwebp/picker-corpus-size-dense/2693212__sz40.png	zenwebp,zenwebp_v01	tiny
/mnt/v/output/zenwebp/picker-corpus-size-dense/2693212__sz48.png	zenwebp,zenwebp_v01	tiny
/mnt/v/output/zenwebp/picker-corpus-size-dense/2693212__sz64.png	zenwebp,zenwebp_v01	small
/mnt/v/output/zenwebp/picker-corpus-size-dense/2693212__sz80.png	zenwebp,zenwebp_v01	small
/mnt/v/output/zenwebp/picker-corpus-size-dense/2693212__sz96.png	zenwebp,zenwebp_v01	small
/mnt/v/output/zenwebp/picker-corpus-size-dense/459728__sz128.png	zenwebp,zenwebp_v01	small
/mnt/v/output/zenwebp/picker-corpus-size-dense/459728__sz160.png	zenwebp,zenwebp_v01	small
/mnt/v/output/zenwebp/picker-corpus-size-dense/459728__sz192.png	zenwebp,zenwebp_v01	small
/mnt/v/output/zenwebp/picker-corpus-size-dense/459728__sz256.png	zenwebp_v01	medium
/mnt/v/output/zenwebp/picker-corpus-size-dense/459728__sz32.png	zenwebp,zenwebp_v01	tiny
/mnt/v/output/zenwebp/picker-corpus-size-dense/459728__sz320.png	zenwebp	medium
/mnt/v/output/zenwebp/picker-corpus-size-dense/459728__sz384.png	zenwebp	medium
/mnt/v/output/zenwebp/picker-corpus-size-dense/459728__sz40.png	zenwebp,zenwebp_v01	tiny
/mnt/v/output/zenwebp/picker-corpus-size-dense/459728__sz48.png	zenwebp,zenwebp_v01	tiny
/mnt/v/output/zenwebp/picker-corpus-size-dense/459728__sz64.png	zenwebp,zenwebp_v01	small
/mnt/v/output/zenwebp/picker-corpus-size-dense/459728__sz80.png	zenwebp,zenwebp_v01	small
/mnt/v/output/zenwebp/picker-corpus-size-dense/459728__sz96.png	zenwebp,zenwebp_v01	small
/mnt/v/output/zenwebp/picker-corpus-size-dense/4934193__sz128.png	zenwebp	small
/mnt/v/output/zenwebp/picker-corpus-size-dense/4934193__sz160.png	zenwebp	small
/mnt/v/output/zenwebp/picker-corpus-size-dense/4934193__sz192.png	zenwebp	small
/mnt/v/output/zenwebp/picker-corpus-size-dense/4934193__sz32.png	zenwebp,zenwebp_v01	tiny
/mnt/v/output/zenwebp/picker-corpus-size-dense/4934193__sz320.png	zenwebp	medium
/mnt/v/output/zenwebp/picker-corpus-size-dense/4934193__sz384.png	zenwebp	medium
/mnt/v/output/zenwebp/picker-corpus-size-dense/4934193__sz40.png	zenwebp,zenwebp_v01	tiny
/mnt/v/output/zenwebp/picker-corpus-size-dense/4934193__sz48.png	zenwebp,zenwebp_v01	tiny
/mnt/v/output/zenwebp/picker-corpus-size-dense/4934193__sz64.png	zenwebp,zenwebp_v01	small
/mnt/v/output/zenwebp/picker-corpus-size-dense/4934193__sz80.png	zenwebp,zenwebp_v01	small
/mnt/v/output/zenwebp/picker-corpus-size-dense/4934193__sz96.png	zenwebp,zenwebp_v01	small
/mnt/v/output/zenwebp/picker-corpus-size-dense/4cd6910a0b7b39365fda5df87618d091__sz1024.png	zenwebp	medium
/mnt/v/output/zenwebp/picker-corpus-size-dense/4cd6910a0b7b39365fda5df87618d091__sz128.png	zenwebp,zenwebp_v01	small
/mnt/v/output/zenwebp/picker-corpus-size-dense/4cd6910a0b7b39365fda5df87618d091__sz1280.png	zenwebp	medium
/mnt/v/output/zenwebp/picker-corpus-size-dense/4cd6910a0b7b39365fda5df87618d091__sz1536.png	zenwebp	large
/mnt/v/output/zenwebp/picker-corpus-size-dense/4cd6910a0b7b39365fda5df87618d091__sz160.png	zenwebp,zenwebp_v01	small
/mnt/v/output/zenwebp/picker-corpus-size-dense/4cd6910a0b7b39365fda5df87618d091__sz192.png	zenwebp,zenwebp_v01	small
/mnt/v/output/zenwebp/picker-corpus-size-dense/4cd6910a0b7b39365fda5df87618d091__sz256.png	zenwebp_v01	small
/mnt/v/output/zenwebp/picker-corpus-size-dense/4cd6910a0b7b39365fda5df87618d091__sz32.png	zenwebp,zenwebp_v01	tiny
/mnt/v/output/zenwebp/picker-corpus-size-dense/4cd6910a0b7b39365fda5df87618d091__sz320.png	zenwebp,zenwebp_v01	small
/mnt/v/output/zenwebp/picker-corpus-size-dense/4cd6910a0b7b39365fda5df87618d091__sz384.png	zenwebp	medium
/mnt/v/output/zenwebp/picker-corpus-size-dense/4cd6910a0b7b39365fda5df87618d091__sz40.png	zenwebp,zenwebp_v01	tiny
/mnt/v/output/zenwebp/picker-corpus-size-dense/4cd6910a0b7b39365fda5df87618d091__sz48.png	zenwebp,zenwebp_v01	tiny
/mnt/v/output/zenwebp/picker-corpus-size-dense/4cd6910a0b7b39365fda5df87618d091__sz512.png	zenwebp	medium
/mnt/v/output/zenwebp/picker-corpus-size-dense/4cd6910a0b7b39365fda5df87618d091__sz64.png	zenwebp,zenwebp_v01	tiny
/mnt/v/output/zenwebp/picker-corpus-size-dense/4cd6910a0b7b39365fda5df87618d091__sz640.png	zenwebp	medium
/mnt/v/output/zenwebp/picker-corpus-size-dense/4cd6910a0b7b39365fda5df87618d091__sz768.png	zenwebp	medium
/mnt/v/output/zenwebp/picker-corpus-size-dense/4cd6910a0b7b39365fda5df87618d091__sz80.png	zenwebp,zenwebp_v01	tiny
/mnt/v/output/zenwebp/picker-corpus-size-dense/4cd6910a0b7b39365fda5df87618d091__sz96.png	zenwebp,zenwebp_v01	small
/mnt/v/output/zenwebp/picker-corpus-size-dense/962312__sz128.png	zenwebp,zenwebp_v01	small
/mnt/v/output/zenwebp/picker-corpus-size-dense/962312__sz160.png	zenwebp	small
/mnt/v/output/zenwebp/picker-corpus-size-dense/962312__sz192.png	zenwebp	small
/mnt/v/output/zenwebp/picker-corpus-size-dense/962312__sz256.png	zenwebp	medium
/mnt/v/output/zenwebp/picker-corpus-size-dense/962312__sz32.png	zenwebp,zenwebp_v01	tiny
/mnt/v/output/zenwebp/picker-corpus-size-dense/962312__sz320.png	zenwebp	medium
/mnt/v/output/zenwebp/picker-corpus-size-dense/962312__sz384.png	zenwebp	medium
/mnt/v/output/zenwebp/picker-corpus-size-dense/962312__sz40.png	zenwebp,zenwebp_v01	tiny
/mnt/v/output/zenwebp/picker-corpus-size-dense/962312__sz48.png	zenwebp,zenwebp_v01	tiny
/mnt/v/output/zenwebp/picker-corpus-size-dense/962312__sz64.png	zenwebp,zenwebp_v01	small
/mnt/v/output/zenwebp/picker-corpus-size-dense/962312__sz80.png	zenwebp	small
/mnt/v/output/zenwebp/picker-corpus-size-dense/962312__sz96.png	zenwebp,zenwebp_v01	small
/mnt/v/output/zenwebp/picker-corpus-size-dense/Beam-Space-Processing__sz128.png	zenwebp,zenwebp_v01	small
/mnt/v/output/zenwebp/picker-corpus-size-dense/Beam-Space-Processing__sz160.png	zenwebp,zenwebp_v01	small
/mnt/v/output/zenwebp/picker-corpus-size-dense/Beam-Space-Processing__sz192.png	zenwebp	small
/mnt/v/output/zenwebp/picker-corpus-size-dense/Beam-Space-Processing__sz256.png	zenwebp_v01	medium
/mnt/v/output/zenwebp/picker-corpus-size-dense/Beam-Space-Processing__sz32.png	zenwebp,zenwebp_v01	tiny
/mnt/v/output/zenwebp/picker-corpus-size-dense/Beam-Space-Processing__sz320.png	zenwebp	medium
/mnt/v/output/zenwebp/picker-corpus-size-dense/Beam-Space-Processing__sz384.png	zenwebp	medium
/mnt/v/output/zenwebp/picker-corpus-size-dense/Beam-Space-Processing__sz40.png	zenwebp,zenwebp_v01	tiny
/mnt/v/output/zenwebp/picker-corpus-size-dense/Beam-Space-Processing__sz48.png	zenwebp,zenwebp_v01	tiny
/mnt/v/output/zenwebp/picker-corpus-size-dense/Beam-Space-Processing__sz64.png	zenwebp,zenwebp_v01	small
/mnt/v/output/zenwebp/picker-corpus-size-dense/Beam-Space-Processing__sz80.png	zenwebp,zenwebp_v01	small
/mnt/v/output/zenwebp/picker-corpus-size-dense/Beam-Space-Processing__sz96.png	zenwebp,zenwebp_v01	small
/mnt/v/output/zenwebp/picker-corpus-size-dense/Performance-Graph__sz128.png	zenwebp	small
/mnt/v/output/zenwebp/picker-corpus-size-dense/Performance-Graph__sz160.png	zenwebp	small
/mnt/v/output/zenwebp/picker-corpus-size-dense/Performance-Graph__sz192.png	zenwebp,zenwebp_v01	small
/mnt/v/output/zenwebp/picker-corpus-size-dense/Performance-Graph__sz256.png	zenwebp	medium
/mnt/v/output/zenwebp/picker-corpus-size-dense/Performance-Graph__sz32.png	zenwebp,zenwebp_v01	tiny
/mnt/v/output/zenwebp/picker-corpus-size-dense/Performance-Graph__sz320.png	zenwebp,zenwebp_v01	medium
/mnt/v/output/zenwebp/picker-corpus-size-dense/Performance-Graph__sz384.png	zenwebp,zenwebp_v01	medium
/mnt/v/output/zenwebp/picker-corpus-size-dense/Performance-Graph__sz40.png	zenwebp,zenwebp_v01	tiny
/mnt/v/output/zenwebp/picker-corpus-size-dense/Performance-Graph__sz48.png	zenwebp,zenwebp_v01	tiny
/mnt/v/output/zenwebp/picker-corpus-size-dense/Performance-Graph__sz64.png	zenwebp_v01	small
/mnt/v/output/zenwebp/picker-corpus-size-dense/Performance-Graph__sz80.png	zenwebp,zenwebp_v01	small
/mnt/v/output/zenwebp/picker-corpus-size-dense/Performance-Graph__sz96.png	zenwebp,zenwebp_v01	small
/mnt/v/output/zenwebp/picker-corpus-size-dense/Temperament-pie-chart-according-to-Eysenck__sz128.png	zenwebp	small
/mnt/v/output/zenwebp/picker-corpus-size-dense/Temperament-pie-chart-according-to-Eysenck__sz160.png	zenwebp,zenwebp_v01	small
/mnt/v/output/zenwebp/picker-corpus-size-dense/Temperament-pie-chart-according-to-Eysenck__sz192.png	zenwebp,zenwebp_v01	small
/mnt/v/output/zenwebp/picker-corpus-size-dense/Temperament-pie-chart-according-to-Eysenck__sz32.png	zenwebp,zenwebp_v01	tiny
/mnt/v/output/zenwebp/picker-corpus-size-dense/Temperament-pie-chart-according-to-Eysenck__sz320.png	zenwebp	medium
/mnt/v/output/zenwebp/picker-corpus-size-dense/Temperament-pie-chart-according-to-Eysenck__sz40.png	zenwebp,zenwebp_v01	tiny
/mnt/v/output/zenwebp/picker-corpus-size-dense/Temperament-pie-chart-according-to-Eysenck__sz48.png	zenwebp,zenwebp_v01	tiny
/mnt/v/output/zenwebp/picker-corpus-size-dense/Temperament-pie-chart-according-to-Eysenck__sz64.png	zenwebp_v01	small
/mnt/v/output/zenwebp/picker-corpus-size-dense/Temperament-pie-chart-according-to-Eysenck__sz80.png	zenwebp,zenwebp_v01	small
/mnt/v/output/zenwebp/picker-corpus-size-dense/Temperament-pie-chart-according-to-Eysenck__sz96.png	zenwebp,zenwebp_v01	small
/mnt/v/output/zenwebp/picker-corpus-size-dense/b939ac34faa94b5d0e753d570edc7048__sz1024.png	zenwebp	medium
/mnt/v/output/zenwebp/picker-corpus-size-dense/b939ac34faa94b5d0e753d570edc7048__sz128.png	zenwebp	small
/mnt/v/output/zenwebp/picker-corpus-size-dense/b939ac34faa94b5d0e753d570edc7048__sz1280.png	zenwebp	medium
/mnt/v/output/zenwebp/picker-corpus-size-dense/b939ac34faa94b5d0e753d570edc7048__sz1536.png	zenwebp	large
/mnt/v/output/zenwebp/picker-corpus-size-dense/b939ac34faa94b5d0e753d570edc7048__sz160.png	zenwebp,zenwebp_v01	small
/mnt/v/output/zenwebp/picker-corpus-size-dense/b939ac34faa94b5d0e753d570edc7048__sz192.png	zenwebp	small
/mnt/v/output/zenwebp/picker-corpus-size-dense/b939ac34faa94b5d0e753d570edc7048__sz256.png	zenwebp	small
/mnt/v/output/zenwebp/picker-corpus-size-dense/b939ac34faa94b5d0e753d570edc7048__sz32.png	zenwebp,zenwebp_v01	tiny
/mnt/v/output/zenwebp/picker-corpus-size-dense/b939ac34faa94b5d0e753d570edc7048__sz320.png	zenwebp	small
/mnt/v/output/zenwebp/picker-corpus-size-dense/b939ac34faa94b5d0e753d570edc7048__sz384.png	zenwebp,zenwebp_v01	medium
/mnt/v/output/zenwebp/picker-corpus-size-dense/b939ac34faa94b5d0e753d570edc7048__sz40.png	zenwebp,zenwebp_v01	tiny
/mnt/v/output/zenwebp/picker-corpus-size-dense/b939ac34faa94b5d0e753d570edc7048__sz48.png	zenwebp,zenwebp_v01	tiny
/mnt/v/output/zenwebp/picker-corpus-size-dense/b939ac34faa94b5d0e753d570edc7048__sz512.png	zenwebp	medium
/mnt/v/output/zenwebp/picker-corpus-size-dense/b939ac34faa94b5d0e753d570edc7048__sz64.png	zenwebp_v01	tiny
/mnt/v/output/zenwebp/picker-corpus-size-dense/b939ac34faa94b5d0e753d570edc7048__sz640.png	zenwebp	medium
/mnt/v/output/zenwebp/picker-corpus-size-dense/b939ac34faa94b5d0e753d570edc7048__sz768.png	zenwebp	medium
/mnt/v/output/zenwebp/picker-corpus-size-dense/b939ac34faa94b5d0e753d570edc7048__sz80.png	zenwebp,zenwebp_v01	tiny
/mnt/v/output/zenwebp/picker-corpus-size-dense/b939ac34faa94b5d0e753d570edc7048__sz96.png	zenwebp,zenwebp_v01	small
/mnt/v/output/zenwebp/picker-corpus-size-dense/pexels-photo-3568544__sz128.png	zenwebp,zenwebp_v01	small
/mnt/v/output/zenwebp/picker-corpus-size-dense/pexels-photo-3568544__sz160.png	zenwebp,zenwebp_v01	small
/mnt/v/output/zenwebp/picker-corpus-size-dense/pexels-photo-3568544__sz192.png	zenwebp,zenwebp_v01	small
/mnt/v/output/zenwebp/picker-corpus-size-dense/pexels-photo-3568544__sz256.png	zenwebp_v01	medium
/mnt/v/output/zenwebp/picker-corpus-size-dense/pexels-photo-3568544__sz32.png	zenwebp,zenwebp_v01	tiny
/mnt/v/output/zenwebp/picker-corpus-size-dense/pexels-photo-3568544__sz320.png	zenwebp,zenwebp_v01	medium
/mnt/v/output/zenwebp/picker-corpus-size-dense/pexels-photo-3568544__sz384.png	zenwebp,zenwebp_v01	medium
/mnt/v/output/zenwebp/picker-corpus-size-dense/pexels-photo-3568544__sz40.png	zenwebp,zenwebp_v01	tiny
/mnt/v/output/zenwebp/picker-corpus-size-dense/pexels-photo-3568544__sz48.png	zenwebp,zenwebp_v01	tiny
/mnt/v/output/zenwebp/picker-corpus-size-dense/pexels-photo-3568544__sz64.png	zenwebp_v01	small
/mnt/v/output/zenwebp/picker-corpus-size-dense/pexels-photo-3568544__sz80.png	zenwebp,zenwebp_v01	small
/mnt/v/output/zenwebp/picker-corpus-size-dense/pexels-photo-3568544__sz96.png	zenwebp,zenwebp_v01	small
/mnt/v/output/zenwebp/picker-corpus-size-dense/pexels-photo-4210863__sz128.png	zenwebp,zenwebp_v01	small
/mnt/v/output/zenwebp/picker-corpus-size-dense/pexels-photo-4210863__sz160.png	zenwebp,zenwebp_v01	small
/mnt/v/output/zenwebp/picker-corpus-size-dense/pexels-photo-4210863__sz192.png	zenwebp,zenwebp_v01	small
/mnt/v/output/zenwebp/picker-corpus-size-dense/pexels-photo-4210863__sz256.png	zenwebp,zenwebp_v01	medium
/mnt/v/output/zenwebp/picker-corpus-size-dense/pexels-photo-4210863__sz32.png	zenwebp,zenwebp_v01	tiny
/mnt/v/output/zenwebp/picker-corpus-size-dense/pexels-photo-4210863__sz320.png	zenwebp,zenwebp_v01	medium
/mnt/v/output/zenwebp/picker-corpus-size-dense/pexels-photo-4210863__sz384.png	zenwebp,zenwebp_v01	medium
/mnt/v/output/zenwebp/picker-corpus-size-dense/pexels-photo-4210863__sz40.png	zenwebp,zenwebp_v01	tiny
/mnt/v/output/zenwebp/picker-corpus-size-dense/pexels-photo-4210863__sz48.png	zenwebp,zenwebp_v01	tiny
/mnt/v/output/zenwebp/picker-corpus-size-dense/pexels-photo-4210863__sz64.png	zenwebp,zenwebp_v01	small
/mnt/v/output/zenwebp/picker-corpus-size-dense/pexels-photo-4210863__sz80.png	zenwebp,zenwebp_v01	small
/mnt/v/output/zenwebp/picker-corpus-size-dense/pexels-photo-4210863__sz96.png	zenwebp,zenwebp_v01	small
/mnt/v/output/zenwebp/picker-corpus-size-dense/pexels-photo-6096399__sz128.png	zenwebp,zenwebp_v01	small
/mnt/v/output/zenwebp/picker-corpus-size-dense/pexels-photo-6096399__sz160.png	zenwebp,zenwebp_v01	small
/mnt/v/output/zenwebp/picker-corpus-size-dense/pexels-photo-6096399__sz192.png	zenwebp,zenwebp_v01	small
/mnt/v/output/zenwebp/picker-corpus-size-dense/pexels-photo-6096399__sz256.png	zenwebp_v01	medium
/mnt/v/output/zenwebp/picker-corpus-size-dense/pexels-photo-6096399__sz32.png	zenwebp,zenwebp_v01	tiny
/mnt/v/output/zenwebp/picker-corpus-size-dense/pexels-photo-6096399__sz320.png	zenwebp,zenwebp_v01	medium
/mnt/v/output/zenwebp/picker-corpus-size-dense/pexels-photo-6096399__sz384.png	zenwebp,zenwebp_v01	medium
/mnt/v/output/zenwebp/picker-corpus-size-dense/pexels-photo-6096399__sz40.png	zenwebp,zenwebp_v01	tiny
/mnt/v/output/zenwebp/picker-corpus-size-dense/pexels-photo-6096399__sz48.png	zenwebp,zenwebp_v01	tiny
/mnt/v/output/zenwebp/picker-corpus-size-dense/pexels-photo-6096399__sz64.png	zenwebp,zenwebp_v01	small
/mnt/v/output/zenwebp/picker-corpus-size-dense/pexels-photo-6096399__sz80.png	zenwebp,zenwebp_v01	small
/mnt/v/output/zenwebp/picker-corpus-size-dense/pexels-photo-6096399__sz96.png	zenwebp,zenwebp_v01	small
sha:0042f4a201d0a38c	zenjxl	large,medium,small,tiny
sha:031ef607fd685c94	zenjxl	large,medium,small,tiny
sha:05726ce1eee2384d	zenjxl	large,medium,small,tiny
sha:064ca9083dbfd1b7	zenjxl	large,medium,small
sha:0926a0b43c5e2a57	zenjxl	large,medium,small,tiny
sha:09b0f0f333e9993b	zenjxl	large,medium,small
sha:0f247f2be3de7208	zenjxl	large,medium,small
sha:0f47e28fd10ab01c	zenjxl	large,medium,small,tiny
sha:1004ba77cab86bdb	zenjxl	medium,small
sha:129fdfc9e9916183	zenjxl	large,medium,small,tiny
sha:13fb77f61e513cc1	zenjxl	large,medium,small
sha:1617c01d1279e23c	zenjxl	medium,small,tiny
sha:170a099e5c4b4476	zenjxl	large,medium,small,tiny
sha:19c10346e6fed9f7	zenjxl	medium,small,tiny
sha:1c611f67bcc24ce1	zenjxl	large,medium,small,tiny
sha:1c9deabfbe43dfff	zenjxl	large,medium,small,tiny
sha:1eb0ef1480193193	zenjxl	large,medium,small,tiny
sha:205365b7ac403ec9	zenjxl	large,medium,small
sha:21e973f2e43000b1	zenjxl	large,medium,small
sha:245f6563c03d0d27	zenjxl	large,medium,small,tiny
sha:2767a107caf0df9c	zenjxl	large,medium,small
sha:280665498758e017	zenjxl	large,medium,small,tiny
sha:2b76992d7b0578d0	zenjxl	large,medium,small
sha:2f1ba6a3c196a9ba	zenjxl	large,medium,small
sha:2f3d5b9b639bbf5b	zenjxl	large,medium,small,tiny
sha:3273fdf6677387bc	zenjxl	large,medium,small,tiny
sha:36b42129ddc9788b	zenjxl	large,medium,small,tiny
sha:371c77a690525425	zenjxl	large,medium,small,tiny
sha:38cd114158356765	zenjxl	large,medium,small
sha:3b0d3eb1d6156bff	zenjxl	large,medium,small,tiny
sha:3b7ff164a43aeb87	zenjxl	large,medium,small,tiny
sha:4722832e637265d0	zenjxl	large,medium,small,tiny
sha:493a9d6c7f6e9ac7	zenjxl	large,medium,small,tiny
sha:50dd442c664f917a	zenjxl	large,medium,small,tiny
sha:5162e90dc7ae0d8c	zenjxl	large,medium,small
sha:524b8b2eb40a0839	zenjxl	large,medium,small,tiny
sha:55b4107398d82da2	zenjxl	large,medium,small
sha:55b92efdce2a51e9	zenjxl	large,medium,small
sha:56e9e6c763f89b22	zenjxl	medium,small,tiny
sha:5805ed68a5db1b43	zenjxl	large,medium,small,tiny
sha:58664d54e4164130	zenjxl	large,medium,small,tiny
sha:59264dcb0d06ec38	zenjxl	large,medium,small,tiny
sha:5b9660ff69edcc85	zenjxl	large,medium,small,tiny
sha:636340df96281e06	zenjxl	large,medium,small
sha:65e923d93a3c9860	zenjxl	medium,small,tiny
sha:689a2e60e74dfcda	zenjxl	large,medium,small
sha:69e2f6bb3869b69a	zenjxl	large,medium,small,tiny
sha:69fea09ec61a1831	zenjxl	large,medium,small,tiny
sha:6cf302438682e79b	zenjxl	large,medium,small,tiny
sha:6d2382c65856978b	zenjxl	large,medium,small,tiny
sha:7415e1c1c0f11ca5	zenjxl	large,medium,small,tiny
sha:749a229cb5915a31	zenjxl	large,medium,small
sha:761410fdd42fbd08	zenjxl	large,medium,small,tiny
sha:7844f0b01a352854	zenjxl	large,medium,small,tiny
sha:7955c11f6c380c6f	zenjxl	large,medium,small,tiny
sha:79b141ba04f10495	zenjxl	large,medium,small,tiny
sha:7af046c426fa49c9	zenjxl	large,medium,small,tiny
sha:7db42436fe8fe98d	zenjxl	large,medium,small,tiny
sha:824afd8475d4ed96	zenjxl	large,medium,small,tiny
sha:8a055f44c5799b97	zenjxl	large,medium,small,tiny
sha:8a512c6991f18a93	zenjxl	large,medium,small
sha:8a57fab1e68fd3e9	zenjxl	large,medium,small,tiny
sha:91d92fa38e464f65	zenjxl	large,medium,small,tiny
sha:9629ba25413c37e0	zenjxl	large,medium,small,tiny
sha:983f724c84d451d0	zenjxl	large,medium,small,tiny
sha:9bbf340bd4f2876e	zenjxl	large,medium,small,tiny
sha:9d91b58998392d2f	zenjxl	large,medium,small,tiny
sha:a2b6efe542d44a98	zenjxl	large,medium,small,tiny
sha:aa26689478b7ff59	zenjxl	large,medium,small,tiny
sha:ad97c2edba541839	zenjxl	large,medium,small,tiny
sha:b32568f0402480eb	zenjxl	large,medium,small,tiny
sha:ba6f56ae168befc2	zenjxl	large,medium,small,tiny
sha:bf6434e040a17ac2	zenjxl	large,medium,small,tiny
sha:c2cedab78ac075df	zenjxl	large,medium,small,tiny
sha:c7b8f38aa309b7e3	zenjxl	large,medium,small
sha:cb7327bfebd361f3	zenjxl	large,medium,small
sha:cbde32aee7bfcacd	zenjxl	large,medium,small
sha:cf67a4f515cd5fd1	zenjxl	large,medium,small,tiny
sha:d0753d1ed2da2661	zenjxl	large,medium,small,tiny
sha:d2e3501ea5fb27c9	zenjxl	large,medium,small
sha:d69875c093014c73	zenjxl	large,medium,small
sha:d70c17530b8bdc58	zenjxl	large,medium,small,tiny
sha:d733ab4d55601950	zenjxl	large,medium,small,tiny
sha:dd74f01130abed1a	zenjxl	large,medium,small
sha:dd84e131670d80f3	zenjxl	large,medium,small,tiny
sha:df1858364c3f721c	zenjxl	large,medium,small,tiny
sha:e0279ff77880132c	zenjxl	large,medium,small,tiny
sha:e08f21788ad71956	zenjxl	large,medium,small,tiny
sha:e13b7b6733f140fc	zenjxl	large,medium,small
sha:e4d55b5bed72f71c	zenjxl	large,medium,small,tiny
sha:e5540d4bcfc03cef	zenjxl	large,medium,small,tiny
sha:e696c2db786db7bb	zenjxl	large,medium,small
sha:edaedb8038f9a4ae	zenjxl	large,medium,small,tiny
sha:ef88ea90dd22a8ad	zenjxl	large,medium,small,tiny
sha:efda0222e5c88dde	zenjxl	large,medium,small,tiny
sha:f27331dee2774536	zenjxl	large,medium,small,tiny
sha:f3037fc958ef0b49	zenjxl	large,medium,small,tiny
sha:f71b777b33f8a2b1	zenjxl	medium,small,tiny
sha:fc04a8a45908c4a0	zenjxl	large,medium,small,tiny
sha:fcb76fc0eb7b9493	zenjxl	large,medium,small,tiny
